case_id,method,seed,frozen,streaming,freshness_log_ratio
cyclic_fast_d20,CoordinateCentral,1001,0.6132978625183134,0.5750220925480766,-0.06444226552996891
cyclic_fast_d20,CoordinateCentral,1002,0.6133392697185208,0.5750441047169543,-0.06447149906564126
cyclic_fast_d20,CoordinateCentral,1003,0.6133688103205499,0.5751006053179102,-0.06442141191312098
cyclic_fast_d20,CoordinateCentral,1004,0.6132761377482995,0.5750068512036791,-0.06443334805207776
cyclic_fast_d20,CoordinateCentral,1005,0.6133302555949909,0.5750180768327278,-0.06450206559753673
cyclic_fast_d20,CoordinateCentral,1006,0.6134321019646813,0.5751987317115252,-0.06435398332976819
cyclic_fast_d20,CoordinateCentral,1007,0.6132128690488735,0.5749238771800399,-0.06447448896429527
cyclic_fast_d20,CoordinateCentral,1008,0.6133159147700218,0.575067449545889,-0.06439282422425875
cyclic_fast_d20,CoordinateCentral,1009,0.6133642784108695,0.5751086732788986,-0.06439999464648401
cyclic_fast_d20,CoordinateCentral,1010,0.6133976577063237,0.5751412827844808,-0.06439771332464596
cyclic_fast_d20,CoordinateCentral,1011,0.6134306705894884,0.5752095715386502,-0.06433280475655447
cyclic_fast_d20,CoordinateCentral,1012,0.6133805789826764,0.5750902773810842,-0.06445855730369997
cyclic_fast_d20,CoordinateCentral,1013,0.6133777384200836,0.57507582831884,-0.06447905147248406
cyclic_fast_d20,CoordinateCentral,1014,0.6133390964846258,0.5751587224356725,-0.06427191660894895
cyclic_fast_d20,CoordinateCentral,1015,0.6133738754378901,0.575087325304681,-0.06445276164640695
cyclic_fast_d20,CoordinateCentral,1016,0.6133837729410162,0.5751389915636083,-0.06437906099915977
cyclic_fast_d20,CoordinateCentral,1017,0.6132479911845538,0.5749842995002171,-0.06442667223804943
cyclic_fast_d20,CoordinateCentral,1018,0.6133128161178656,0.5750185206861859,-0.06447285922600872
cyclic_fast_d20,CoordinateCentral,1019,0.6132588701745639,0.5750288035356138,-0.06436701459222727
cyclic_fast_d20,CoordinateCentral,1020,0.6133344430136777,0.5751715899073814,-0.06424195768470228
cyclic_fast_d20,CoordinateCentral,1021,0.6133329384588297,0.5751009707963259,-0.06436229135144231
cyclic_fast_d20,CoordinateCentral,1022,0.6134234861200009,0.5751716300277987,-0.06438705610850645
cyclic_fast_d20,CoordinateCentral,1023,0.6133373236756322,0.5750676655496713,-0.06442735481612219
cyclic_fast_d20,CoordinateCentral,1024,0.61334406915361,0.5751128336226753,-0.06435981190297096
cyclic_fast_d20,CoordinateCentral,1025,0.613442972110051,0.5752299761124059,-0.06431738554289555
cyclic_fast_d20,CoordinateCentral,1026,0.6133891823414603,0.575069400575935,-0.06450888578690757
cyclic_fast_d20,CoordinateCentral,1027,0.6133063135856405,0.5750360235794422,-0.06443181848974527
cyclic_fast_d20,CoordinateCentral,1028,0.613303905663299,0.5750164907034979,-0.06446186101660828
cyclic_fast_d20,CoordinateCentral,1029,0.613334549853334,0.5750046944580347,-0.06453234035061153
cyclic_fast_d20,CoordinateCentral,1030,0.6133752175250111,0.5751596918078176,-0.06432912192416164
cyclic_fast_d20,FirstOrderReference,1001,0.0785615255955167,0.0785615255955167,0.0
cyclic_fast_d20,FirstOrderReference,1002,0.0785615255955167,0.0785615255955167,0.0
cyclic_fast_d20,FirstOrderReference,1003,0.0785615255955167,0.0785615255955167,0.0
cyclic_fast_d20,FirstOrderReference,1004,0.0785615255955167,0.0785615255955167,0.0
cyclic_fast_d20,FirstOrderReference,1005,0.0785615255955167,0.0785615255955167,0.0
cyclic_fast_d20,FirstOrderReference,1006,0.0785615255955167,0.0785615255955167,0.0
cyclic_fast_d20,FirstOrderReference,1007,0.0785615255955167,0.0785615255955167,0.0
cyclic_fast_d20,FirstOrderReference,1008,0.0785615255955167,0.0785615255955167,0.0
cyclic_fast_d20,FirstOrderReference,1009,0.0785615255955167,0.0785615255955167,0.0
cyclic_fast_d20,FirstOrderReference,1010,0.0785615255955167,0.0785615255955167,0.0
cyclic_fast_d20,FirstOrderReference,1011,0.0785615255955167,0.0785615255955167,0.0
cyclic_fast_d20,FirstOrderReference,1012,0.0785615255955167,0.0785615255955167,0.0
cyclic_fast_d20,FirstOrderReference,1013,0.0785615255955167,0.0785615255955167,0.0
cyclic_fast_d20,FirstOrderReference,1014,0.0785615255955167,0.0785615255955167,0.0
cyclic_fast_d20,FirstOrderReference,1015,0.0785615255955167,0.0785615255955167,0.0
cyclic_fast_d20,FirstOrderReference,1016,0.0785615255955167,0.0785615255955167,0.0
cyclic_fast_d20,FirstOrderReference,1017,0.0785615255955167,0.0785615255955167,0.0
cyclic_fast_d20,FirstOrderReference,1018,0.0785615255955167,0.0785615255955167,0.0
cyclic_fast_d20,FirstOrderReference,1019,0.0785615255955167,0.0785615255955167,0.0
cyclic_fast_d20,FirstOrderReference,1020,0.0785615255955167,0.0785615255955167,0.0
cyclic_fast_d20,FirstOrderReference,1021,0.0785615255955167,0.0785615255955167,0.0
cyclic_fast_d20,FirstOrderReference,1022,0.0785615255955167,0.0785615255955167,0.0
cyclic_fast_d20,FirstOrderReference,1023,0.0785615255955167,0.0785615255955167,0.0
cyclic_fast_d20,FirstOrderReference,1024,0.0785615255955167,0.0785615255955167,0.0
cyclic_fast_d20,FirstOrderReference,1025,0.0785615255955167,0.0785615255955167,0.0
cyclic_fast_d20,FirstOrderReference,1026,0.0785615255955167,0.0785615255955167,0.0
cyclic_fast_d20,FirstOrderReference,1027,0.0785615255955167,0.0785615255955167,0.0
cyclic_fast_d20,FirstOrderReference,1028,0.0785615255955167,0.0785615255955167,0.0
cyclic_fast_d20,FirstOrderReference,1029,0.0785615255955167,0.0785615255955167,0.0
cyclic_fast_d20,FirstOrderReference,1030,0.0785615255955167,0.0785615255955167,0.0
cyclic_fast_d20,Gaussian-m1,1001,0.708584328973552,0.7100772667042233,0.0021047137475777035
cyclic_fast_d20,Gaussian-m1,1002,0.6925071969546847,0.6928899308660701,0.0005525259341692445
cyclic_fast_d20,Gaussian-m1,1003,0.7072483916655301,0.7093038220398659,0.002902020549572342
cyclic_fast_d20,Gaussian-m1,1004,0.6895975777505723,0.6960821395393338,0.009359463149872809
cyclic_fast_d20,Gaussian-m1,1005,0.7182006676443518,0.7205617403597623,0.003282091360957952
cyclic_fast_d20,Gaussian-m1,1006,0.7440674800857788,0.7399621860293719,-0.005532644827948206
cyclic_fast_d20,Gaussian-m1,1007,0.7466300776590852,0.7555347029602385,0.011855862578775599
cyclic_fast_d20,Gaussian-m1,1008,0.7120453840973838,0.7113658660651083,-0.0009547740806717696
cyclic_fast_d20,Gaussian-m1,1009,0.7150099412974318,0.7166852230404595,0.0023402782231441667
cyclic_fast_d20,Gaussian-m1,1010,0.6722303721475383,0.6723154993525297,0.00012662595886020454
cyclic_fast_d20,Gaussian-m1,1011,0.6936110699828937,0.6944682073469634,0.0012349978664937403
cyclic_fast_d20,Gaussian-m1,1012,0.6989906933934052,0.7063367282058196,0.010454647947964552
cyclic_fast_d20,Gaussian-m1,1013,0.7047910732434118,0.6971801406709769,-0.010857580050068535
cyclic_fast_d20,Gaussian-m1,1014,0.7268392785997688,0.7298916283431145,0.004190690533003374
cyclic_fast_d20,Gaussian-m1,1015,0.6763133076357467,0.6754167367280507,-0.0013265533941666454
cyclic_fast_d20,Gaussian-m1,1016,0.6960282148571991,0.6979121086222648,0.002702977853965097
cyclic_fast_d20,Gaussian-m1,1017,0.7413594869638641,0.7394610905358784,-0.0025639803995634414
cyclic_fast_d20,Gaussian-m1,1018,0.6936875370731348,0.6942884710210965,0.0008659140820965103
cyclic_fast_d20,Gaussian-m1,1019,0.6966451260363842,0.7044148333457438,0.011091298281143486
cyclic_fast_d20,Gaussian-m1,1020,0.7056375293715474,0.7058766722993587,0.0003388459426285669
cyclic_fast_d20,Gaussian-m1,1021,0.7347476625106069,0.7354995357391717,0.0010227848691074831
cyclic_fast_d20,Gaussian-m1,1022,0.7143219336644803,0.7146487926633754,0.0004574747383882604
cyclic_fast_d20,Gaussian-m1,1023,0.7151195156715278,0.7224529874874194,0.0102026651373721
cyclic_fast_d20,Gaussian-m1,1024,0.6745873310019881,0.6782535217397968,0.0054200014810849755
cyclic_fast_d20,Gaussian-m1,1025,0.7021377553281064,0.7050781591386198,0.004179043257896556
cyclic_fast_d20,Gaussian-m1,1026,0.699403722534724,0.7090259261523438,0.013663945990227395
cyclic_fast_d20,Gaussian-m1,1027,0.7328545643600767,0.7340332308838994,0.0016070305872169476
cyclic_fast_d20,Gaussian-m1,1028,0.6891131277112587,0.6857633133895228,-0.004872904720881393
cyclic_fast_d20,Gaussian-m1,1029,0.6955520306269203,0.699317700302677,0.00539932689132032
cyclic_fast_d20,Gaussian-m1,1030,0.6856954214667756,0.6836397438474215,-0.003002448510344221
cyclic_fast_d20,Gaussian-m20,1001,1.6249864791172106,1.2635139805267446,-0.25160278249867696
cyclic_fast_d20,Gaussian-m20,1002,1.631190176498274,1.2883900113897064,-0.23591653228504358
cyclic_fast_d20,Gaussian-m20,1003,1.6398314873801603,1.295809880748345,-0.23545759474374187
cyclic_fast_d20,Gaussian-m20,1004,1.5919230236192459,1.230750000111947,-0.2573189945081034
cyclic_fast_d20,Gaussian-m20,1005,1.669887834165959,1.2756521179158087,-0.2692989461141595
cyclic_fast_d20,Gaussian-m20,1006,1.6932098665992286,1.2475308700825811,-0.30545976294376576
cyclic_fast_d20,Gaussian-m20,1007,1.5818352659577293,1.2711602140598894,-0.2186556958703583
cyclic_fast_d20,Gaussian-m20,1008,1.6760112204865192,1.2531114990883143,-0.2907870391786092
cyclic_fast_d20,Gaussian-m20,1009,1.6278166224758568,1.2400788932393472,-0.272064620306
cyclic_fast_d20,Gaussian-m20,1010,1.6294078558390255,1.2203193662137555,-0.2891040701176804
cyclic_fast_d20,Gaussian-m20,1011,1.550876702160681,1.2177266075107878,-0.24183470140791008
cyclic_fast_d20,Gaussian-m20,1012,1.598319708349276,1.287225155648028,-0.2164640357100734
cyclic_fast_d20,Gaussian-m20,1013,1.6727743133909339,1.3022210329413957,-0.250412220015063
cyclic_fast_d20,Gaussian-m20,1014,1.6363800777117883,1.236152368556409,-0.28048290556908523
cyclic_fast_d20,Gaussian-m20,1015,1.6250104444644342,1.2183200738837323,-0.28804132191853166
cyclic_fast_d20,Gaussian-m20,1016,1.5352728703442389,1.20955379550947,-0.23845660338057406
cyclic_fast_d20,Gaussian-m20,1017,1.592485024909941,1.2736569856887092,-0.22340342601447347
cyclic_fast_d20,Gaussian-m20,1018,1.6198359402756897,1.208734824886313,-0.2927506593603521
cyclic_fast_d20,Gaussian-m20,1019,1.6496540200032133,1.3041453261624822,-0.23501767734062182
cyclic_fast_d20,Gaussian-m20,1020,1.6754350985862512,1.3129118072535422,-0.2438254677157684
cyclic_fast_d20,Gaussian-m20,1021,1.681000510149688,1.2899652909108659,-0.26477384616536437
cyclic_fast_d20,Gaussian-m20,1022,1.6673778227598508,1.2436429332772023,-0.29320730442603216
cyclic_fast_d20,Gaussian-m20,1023,1.8326923857527946,1.4343897460255357,-0.24504664000460638
cyclic_fast_d20,Gaussian-m20,1024,1.6293730073941732,1.2301819972908647,-0.2810331590627354
cyclic_fast_d20,Gaussian-m20,1025,1.6370916369060537,1.2492181373748443,-0.2704034098707506
cyclic_fast_d20,Gaussian-m20,1026,1.6765836923201045,1.3565105842144916,-0.21184255085987427
cyclic_fast_d20,Gaussian-m20,1027,1.621750256981826,1.2660309990839527,-0.24761916230008174
cyclic_fast_d20,Gaussian-m20,1028,1.7015970728589382,1.3151060068859493,-0.2576499886916576
cyclic_fast_d20,Gaussian-m20,1029,1.7056722498158132,1.3143312141089514,-0.26063136061272035
cyclic_fast_d20,Gaussian-m20,1030,1.6390589387222496,1.2830010499478783,-0.24492035530042172
cyclic_fast_d20,Gaussian-m5,1001,1.0188926840140824,0.9791063110945132,-0.03983148452457512
cyclic_fast_d20,Gaussian-m5,1002,1.052500914022875,1.0127419453719024,-0.03850770515975691
cyclic_fast_d20,Gaussian-m5,1003,0.9743093923930563,0.9280089845033698,-0.04868749021336513
cyclic_fast_d20,Gaussian-m5,1004,1.039533765385926,1.0002513558084982,-0.038520985898214566
cyclic_fast_d20,Gaussian-m5,1005,0.9953891096194415,0.954872864093156,-0.041555520642217174
cyclic_fast_d20,Gaussian-m5,1006,1.0342681535784308,0.9819882626834496,-0.051870001773731765
cyclic_fast_d20,Gaussian-m5,1007,1.003961979276028,0.9602678808143975,-0.044497142235874636
cyclic_fast_d20,Gaussian-m5,1008,1.0749803039100738,1.030923496799091,-0.041847340096687134
cyclic_fast_d20,Gaussian-m5,1009,0.9876438076170571,0.9498940513023107,-0.03897166070891265
cyclic_fast_d20,Gaussian-m5,1010,0.9975977180898499,0.9498927942609964,-0.04900097688286495
cyclic_fast_d20,Gaussian-m5,1011,1.0055223170365017,0.9637386531674178,-0.042442252748915735
cyclic_fast_d20,Gaussian-m5,1012,0.9873607515439615,0.9372499320253818,-0.05208549264713607
cyclic_fast_d20,Gaussian-m5,1013,1.0226050402050486,0.9813040489984304,-0.041226262086095346
cyclic_fast_d20,Gaussian-m5,1014,0.9736172185126767,0.9419016567154834,-0.03311735618910024
cyclic_fast_d20,Gaussian-m5,1015,0.9492075993257898,0.9108137353706408,-0.04128911592965412
cyclic_fast_d20,Gaussian-m5,1016,1.0096935041238457,0.964941252463125,-0.045334881308825487
cyclic_fast_d20,Gaussian-m5,1017,1.0196127220481246,0.9960742093685829,-0.02335638770621522
cyclic_fast_d20,Gaussian-m5,1018,1.0286279746209994,0.9851109255970565,-0.043226880112854305
cyclic_fast_d20,Gaussian-m5,1019,1.0883430769916205,1.0505486007076192,-0.03534392225526907
cyclic_fast_d20,Gaussian-m5,1020,1.0459074839995577,1.0190255316680172,-0.026038104773764816
cyclic_fast_d20,Gaussian-m5,1021,0.984770928759273,0.9465145419853194,-0.039622720002274604
cyclic_fast_d20,Gaussian-m5,1022,1.0122753313530404,0.9606934087402944,-0.05230055489904056
cyclic_fast_d20,Gaussian-m5,1023,1.0123344265829388,0.9747882665712015,-0.03779397138393531
cyclic_fast_d20,Gaussian-m5,1024,1.0256020032385542,0.9714017392093414,-0.054294919074959605
cyclic_fast_d20,Gaussian-m5,1025,1.0454046029934125,1.0230838783666532,-0.02158251423342377
cyclic_fast_d20,Gaussian-m5,1026,1.0233538343122448,0.9773051879139785,-0.046041609496646124
cyclic_fast_d20,Gaussian-m5,1027,0.9820134217649855,0.9611030914142659,-0.021523297684536993
cyclic_fast_d20,Gaussian-m5,1028,1.0272144880393077,0.9602507831856223,-0.06741155440422741
cyclic_fast_d20,Gaussian-m5,1029,0.9585134396600088,0.9041326220782523,-0.058407528471217544
cyclic_fast_d20,Gaussian-m5,1030,0.978197248375885,0.9239627320686844,-0.05703959758567832
cyclic_fast_d20,SPSA-m1,1001,0.6964680552608812,0.6935363480866026,-0.004218276595980999
cyclic_fast_d20,SPSA-m1,1002,0.7164293927282891,0.7129630571910509,-0.00485009184486494
cyclic_fast_d20,SPSA-m1,1003,0.638795972232406,0.6344192802548403,-0.006875049930757694
cyclic_fast_d20,SPSA-m1,1004,0.7115569099742242,0.7093464583406424,-0.0031113353181443874
cyclic_fast_d20,SPSA-m1,1005,0.6995086792242359,0.698660917461366,-0.0012126738684220802
cyclic_fast_d20,SPSA-m1,1006,0.6766892344510052,0.6707924275481558,-0.00875239301956911
cyclic_fast_d20,SPSA-m1,1007,0.7430442572733199,0.7399927557088539,-0.004115212019897738
cyclic_fast_d20,SPSA-m1,1008,0.6766802406339428,0.6760543089888411,-0.0009254316598155788
cyclic_fast_d20,SPSA-m1,1009,0.711669914934461,0.704891274975894,-0.009570630268107422
cyclic_fast_d20,SPSA-m1,1010,0.71969589233983,0.7170451874612197,-0.0036898894635699598
cyclic_fast_d20,SPSA-m1,1011,0.6687961153541157,0.6643005260347292,-0.006744606837528887
cyclic_fast_d20,SPSA-m1,1012,0.6922036072584479,0.6874972717037554,-0.00682228138078487
cyclic_fast_d20,SPSA-m1,1013,0.7111494689136408,0.7091660566650362,-0.0027929196043680973
cyclic_fast_d20,SPSA-m1,1014,0.7420031652309163,0.7386027647406922,-0.004593263338851025
cyclic_fast_d20,SPSA-m1,1015,0.6993134460463146,0.696520003960604,-0.004002548892969386
cyclic_fast_d20,SPSA-m1,1016,0.7196808960145722,0.7189662555229138,-0.00099348968185157
cyclic_fast_d20,SPSA-m1,1017,0.7377925642998462,0.7391412466438491,0.0018263279083788535
cyclic_fast_d20,SPSA-m1,1018,0.689736924736558,0.6805998772204372,-0.01333567472446545
cyclic_fast_d20,SPSA-m1,1019,0.7294733077365614,0.7202994478700228,-0.012655752120250299
cyclic_fast_d20,SPSA-m1,1020,0.7095635323716645,0.7074433304663819,-0.0029925098362007544
cyclic_fast_d20,SPSA-m1,1021,0.7461546394349345,0.7446853135900577,-0.001971138910836479
cyclic_fast_d20,SPSA-m1,1022,0.6812841784539709,0.676332922281514,-0.0072940715342490236
cyclic_fast_d20,SPSA-m1,1023,0.6823845192749978,0.6838907274867186,0.0022048395086867816
cyclic_fast_d20,SPSA-m1,1024,0.6917207472198965,0.6901261045098973,-0.0023079886397922955
cyclic_fast_d20,SPSA-m1,1025,0.7259833291039879,0.7266356597601741,0.0008981442553593504
cyclic_fast_d20,SPSA-m1,1026,0.6824041325586069,0.6791247374212944,-0.004817233848433187
cyclic_fast_d20,SPSA-m1,1027,0.7354898875844312,0.7341115701727986,-0.0018757708880775418
cyclic_fast_d20,SPSA-m1,1028,0.690935111825957,0.6865744700311026,-0.0063312174643132945
cyclic_fast_d20,SPSA-m1,1029,0.7416755501761904,0.7421521671690156,0.0006424155630000978
cyclic_fast_d20,SPSA-m1,1030,0.6954719996214779,0.6948503133676288,-0.0008943052837107142
cyclic_slow_d20,CoordinateCentral,1001,0.1442021150332506,0.1354161405108578,-0.06286333259285
cyclic_slow_d20,CoordinateCentral,1002,0.1446041558645899,0.13580848309132093,-0.06275436902160302
cyclic_slow_d20,CoordinateCentral,1003,0.14461737689752827,0.13580351776962596,-0.06288235585023166
cyclic_slow_d20,CoordinateCentral,1004,0.1445696641723714,0.1357667194281098,-0.0628233817716025
cyclic_slow_d20,CoordinateCentral,1005,0.1446240513902518,0.1358241898214628,-0.06277629884366166
cyclic_slow_d20,CoordinateCentral,1006,0.14433693261169653,0.1355417673995397,-0.06287053697430382
cyclic_slow_d20,CoordinateCentral,1007,0.14461617909679475,0.13580535459697093,-0.06286054773266915
cyclic_slow_d20,CoordinateCentral,1008,0.14477538515862753,0.13597470190952182,-0.06271462044102596
cyclic_slow_d20,CoordinateCentral,1009,0.14468135840861646,0.1358783286097147,-0.06277395336687225
cyclic_slow_d20,CoordinateCentral,1010,0.14413177287404888,0.13534185831793338,-0.06292410909333966
cyclic_slow_d20,CoordinateCentral,1011,0.1443216485123873,0.13552057744488205,-0.06292098701657925
cyclic_slow_d20,CoordinateCentral,1012,0.1442068351635322,0.13541820132602522,-0.06288084652602643
cyclic_slow_d20,CoordinateCentral,1013,0.14479732759888708,0.13600344044718973,-0.06265484115062966
cyclic_slow_d20,CoordinateCentral,1014,0.14471707864563788,0.13590981421203577,-0.06278911965776145
cyclic_slow_d20,CoordinateCentral,1015,0.1444067989165088,0.13561271204888425,-0.06283119147411582
cyclic_slow_d20,CoordinateCentral,1016,0.1445363706914885,0.135731561364634,-0.06285205446463181
cyclic_slow_d20,CoordinateCentral,1017,0.14423465567405655,0.13543357647257737,-0.06296021699392362
cyclic_slow_d20,CoordinateCentral,1018,0.14457052407239301,0.13576668516152127,-0.06282958214472646
cyclic_slow_d20,CoordinateCentral,1019,0.1446540398325429,0.13585472196090398,-0.06275886545366204
cyclic_slow_d20,CoordinateCentral,1020,0.14442538801506336,0.13563022615583026,-0.06283077086332506
cyclic_slow_d20,CoordinateCentral,1021,0.14475810496986777,0.13595773882317358,-0.06272001427103718
cyclic_slow_d20,CoordinateCentral,1022,0.1442593484802205,0.1354555779713301,-0.06296896205760755
cyclic_slow_d20,CoordinateCentral,1023,0.1444083459330514,0.1356118028383831,-0.06284860880943283
cyclic_slow_d20,CoordinateCentral,1024,0.14469904178623624,0.13590750064099175,-0.06268149955522188
cyclic_slow_d20,CoordinateCentral,1025,0.14453476880625263,0.13572817173143845,-0.06286594485931825
cyclic_slow_d20,CoordinateCentral,1026,0.14399903484740403,0.13519721943247223,-0.0630720000354502
cyclic_slow_d20,CoordinateCentral,1027,0.14443356590395887,0.1356404567862988,-0.06281196541576567
cyclic_slow_d20,CoordinateCentral,1028,0.14467220424055666,0.13585533883548356,-0.06287988827179754
cyclic_slow_d20,CoordinateCentral,1029,0.14425466256004785,0.13546247960424143,-0.0628855289539049
cyclic_slow_d20,CoordinateCentral,1030,0.14438877878318762,0.13558681227769398,-0.06289739799401806
cyclic_slow_d20,FirstOrderReference,1001,0.0026749869099958784,0.0026749869099958784,0.0
cyclic_slow_d20,FirstOrderReference,1002,0.0026749869099958784,0.0026749869099958784,0.0
cyclic_slow_d20,FirstOrderReference,1003,0.0026749869099958784,0.0026749869099958784,0.0
cyclic_slow_d20,FirstOrderReference,1004,0.0026749869099958784,0.0026749869099958784,0.0
cyclic_slow_d20,FirstOrderReference,1005,0.0026749869099958784,0.0026749869099958784,0.0
cyclic_slow_d20,FirstOrderReference,1006,0.0026749869099958784,0.0026749869099958784,0.0
cyclic_slow_d20,FirstOrderReference,1007,0.0026749869099958784,0.0026749869099958784,0.0
cyclic_slow_d20,FirstOrderReference,1008,0.0026749869099958784,0.0026749869099958784,0.0
cyclic_slow_d20,FirstOrderReference,1009,0.0026749869099958784,0.0026749869099958784,0.0
cyclic_slow_d20,FirstOrderReference,1010,0.0026749869099958784,0.0026749869099958784,0.0
cyclic_slow_d20,FirstOrderReference,1011,0.0026749869099958784,0.0026749869099958784,0.0
cyclic_slow_d20,FirstOrderReference,1012,0.0026749869099958784,0.0026749869099958784,0.0
cyclic_slow_d20,FirstOrderReference,1013,0.0026749869099958784,0.0026749869099958784,0.0
cyclic_slow_d20,FirstOrderReference,1014,0.0026749869099958784,0.0026749869099958784,0.0
cyclic_slow_d20,FirstOrderReference,1015,0.0026749869099958784,0.0026749869099958784,0.0
cyclic_slow_d20,FirstOrderReference,1016,0.0026749869099958784,0.0026749869099958784,0.0
cyclic_slow_d20,FirstOrderReference,1017,0.0026749869099958784,0.0026749869099958784,0.0
cyclic_slow_d20,FirstOrderReference,1018,0.0026749869099958784,0.0026749869099958784,0.0
cyclic_slow_d20,FirstOrderReference,1019,0.0026749869099958784,0.0026749869099958784,0.0
cyclic_slow_d20,FirstOrderReference,1020,0.0026749869099958784,0.0026749869099958784,0.0
cyclic_slow_d20,FirstOrderReference,1021,0.0026749869099958784,0.0026749869099958784,0.0
cyclic_slow_d20,FirstOrderReference,1022,0.0026749869099958784,0.0026749869099958784,0.0
cyclic_slow_d20,FirstOrderReference,1023,0.0026749869099958784,0.0026749869099958784,0.0
cyclic_slow_d20,FirstOrderReference,1024,0.0026749869099958784,0.0026749869099958784,0.0
cyclic_slow_d20,FirstOrderReference,1025,0.0026749869099958784,0.0026749869099958784,0.0
cyclic_slow_d20,FirstOrderReference,1026,0.0026749869099958784,0.0026749869099958784,0.0
cyclic_slow_d20,FirstOrderReference,1027,0.0026749869099958784,0.0026749869099958784,0.0
cyclic_slow_d20,FirstOrderReference,1028,0.0026749869099958784,0.0026749869099958784,0.0
cyclic_slow_d20,FirstOrderReference,1029,0.0026749869099958784,0.0026749869099958784,0.0
cyclic_slow_d20,FirstOrderReference,1030,0.0026749869099958784,0.0026749869099958784,0.0
cyclic_slow_d20,Gaussian-m1,1001,0.010601075308639909,0.010559257672211225,-0.003952460569114084
cyclic_slow_d20,Gaussian-m1,1002,0.008930939423870698,0.00889133395877371,-0.004444498122365361
cyclic_slow_d20,Gaussian-m1,1003,0.008351029923019629,0.008312909483359894,-0.004575209405957166
cyclic_slow_d20,Gaussian-m1,1004,0.009083420114715392,0.009043655907611997,-0.004387279099718668
cyclic_slow_d20,Gaussian-m1,1005,0.009322289206280839,0.009295984449230549,-0.0028256942657123862
cyclic_slow_d20,Gaussian-m1,1006,0.008238720472678195,0.0082009043199533,-0.004600618311219801
cyclic_slow_d20,Gaussian-m1,1007,0.009028469672865294,0.00898767638192719,-0.0045285335197043875
cyclic_slow_d20,Gaussian-m1,1008,0.009707393975073551,0.009675561657838045,-0.0032845708834808316
cyclic_slow_d20,Gaussian-m1,1009,0.009897040403642745,0.009856817234339644,-0.004072442520473254
cyclic_slow_d20,Gaussian-m1,1010,0.010577167748693009,0.010546763027287279,-0.0028787011967576224
cyclic_slow_d20,Gaussian-m1,1011,0.009293794571583785,0.009250651066371457,-0.004652992480216283
cyclic_slow_d20,Gaussian-m1,1012,0.010706296993350503,0.010661970185072018,-0.004148850394962394
cyclic_slow_d20,Gaussian-m1,1013,0.0079727727203409,0.007935692383344255,-0.004661719896457434
cyclic_slow_d20,Gaussian-m1,1014,0.009255853212840438,0.009215962907754659,-0.00431905199093674
cyclic_slow_d20,Gaussian-m1,1015,0.007508684235372693,0.007467073946779875,-0.005557033596022287
cyclic_slow_d20,Gaussian-m1,1016,0.009376906943087293,0.009335513689458404,-0.004424154625213692
cyclic_slow_d20,Gaussian-m1,1017,0.007363303880846192,0.007321413857502017,-0.0057052696166929665
cyclic_slow_d20,Gaussian-m1,1018,0.008388957645929285,0.008349342280151092,-0.004733508172506616
cyclic_slow_d20,Gaussian-m1,1019,0.008587596939321089,0.008552586963414427,-0.0040851399020685325
cyclic_slow_d20,Gaussian-m1,1020,0.009334611255519718,0.009297059275289692,-0.004030989171478882
cyclic_slow_d20,Gaussian-m1,1021,0.011302968814364728,0.011271741027029247,-0.002766618705043853
cyclic_slow_d20,Gaussian-m1,1022,0.00909021237190411,0.009048024621298015,-0.004651811165347587
cyclic_slow_d20,Gaussian-m1,1023,0.009289634961806294,0.00925630513126073,-0.003594303255665046
cyclic_slow_d20,Gaussian-m1,1024,0.008361325607065288,0.008323536085485288,-0.004529805148364682
cyclic_slow_d20,Gaussian-m1,1025,0.013494925460156461,0.01345266415886602,-0.00313655778012946
cyclic_slow_d20,Gaussian-m1,1026,0.008996124215250942,0.008959292267178048,-0.004102606004149597
cyclic_slow_d20,Gaussian-m1,1027,0.009811877366183094,0.009765304621711048,-0.0047578688656662056
cyclic_slow_d20,Gaussian-m1,1028,0.009270315755713472,0.009226086895134808,-0.0047824375055695225
cyclic_slow_d20,Gaussian-m1,1029,0.010349566673667137,0.010315173655261469,-0.0033286699580599866
cyclic_slow_d20,Gaussian-m1,1030,0.010030916483954253,0.009998073005703276,-0.003279597076624344
cyclic_slow_d20,Gaussian-m20,1001,0.022326497328982363,0.019482081590003412,-0.13627904381221922
cyclic_slow_d20,Gaussian-m20,1002,0.022189837150107923,0.0191733399359881,-0.14611362891986562
cyclic_slow_d20,Gaussian-m20,1003,0.02722486584861915,0.02400163146308398,-0.1260089356337116
cyclic_slow_d20,Gaussian-m20,1004,0.022793679068917917,0.019609003222463856,-0.15049445485127896
cyclic_slow_d20,Gaussian-m20,1005,0.023645731105359762,0.020497260502063547,-0.1428913525318488
cyclic_slow_d20,Gaussian-m20,1006,0.022930851731962878,0.020028606574943143,-0.13532166069870055
cyclic_slow_d20,Gaussian-m20,1007,0.022744332016296085,0.01975987490203164,-0.1406626107842314
cyclic_slow_d20,Gaussian-m20,1008,0.024402320580558128,0.021364875283163262,-0.13293000189529555
cyclic_slow_d20,Gaussian-m20,1009,0.02293990536799758,0.020145786630732205,-0.1298828201800531
cyclic_slow_d20,Gaussian-m20,1010,0.02094064476754845,0.017853641874766766,-0.15948448214714694
cyclic_slow_d20,Gaussian-m20,1011,0.022586860480619215,0.019544647812952145,-0.14466686274866072
cyclic_slow_d20,Gaussian-m20,1012,0.025387274032558298,0.022232191532002652,-0.13270671857808916
cyclic_slow_d20,Gaussian-m20,1013,0.025148761633288882,0.021880262943828725,-0.13922366107639425
cyclic_slow_d20,Gaussian-m20,1014,0.020986316530937483,0.01808962893872811,-0.14853184433755984
cyclic_slow_d20,Gaussian-m20,1015,0.022017056782718557,0.019015292114775813,-0.14657395767152676
cyclic_slow_d20,Gaussian-m20,1016,0.02440915496225548,0.02143961372422499,-0.1297179458527826
cyclic_slow_d20,Gaussian-m20,1017,0.02228317268311574,0.019202879583357264,-0.14877155933203326
cyclic_slow_d20,Gaussian-m20,1018,0.02348878439134347,0.02061958289945214,-0.1302817968588945
cyclic_slow_d20,Gaussian-m20,1019,0.022937456396886755,0.020277584632951994,-0.1232551541691646
cyclic_slow_d20,Gaussian-m20,1020,0.023552556714206394,0.02058823960865072,-0.1345143599384608
cyclic_slow_d20,Gaussian-m20,1021,0.023275807776477638,0.020352236208419236,-0.13422373507415392
cyclic_slow_d20,Gaussian-m20,1022,0.027704258449514175,0.024644457056852108,-0.11703412666203607
cyclic_slow_d20,Gaussian-m20,1023,0.020108046597592005,0.017357031399555082,-0.14712237091360614
cyclic_slow_d20,Gaussian-m20,1024,0.023746403305245377,0.020816924688637904,-0.1316647364360911
cyclic_slow_d20,Gaussian-m20,1025,0.021390047754656707,0.018692558852280505,-0.13480023333059557
cyclic_slow_d20,Gaussian-m20,1026,0.02232957868729124,0.01908695869580264,-0.15690688706074937
cyclic_slow_d20,Gaussian-m20,1027,0.02442917601133264,0.021605569822420716,-0.1228270125445192
cyclic_slow_d20,Gaussian-m20,1028,0.023110489289742502,0.02031752974011391,-0.12880254885831333
cyclic_slow_d20,Gaussian-m20,1029,0.02561960104615926,0.022516858826652535,-0.12909341455461343
cyclic_slow_d20,Gaussian-m20,1030,0.021246048174899387,0.01812301625723536,-0.15898816296194684
cyclic_slow_d20,Gaussian-m5,1001,0.011301799406670672,0.01104277252219419,-0.023185808992664654
cyclic_slow_d20,Gaussian-m5,1002,0.013729325386334344,0.013414891221576564,-0.023168709163821143
cyclic_slow_d20,Gaussian-m5,1003,0.01334346543251963,0.013025551441054953,-0.024113860432949417
cyclic_slow_d20,Gaussian-m5,1004,0.010901640150441852,0.010592335424846448,-0.02878258398597584
cyclic_slow_d20,Gaussian-m5,1005,0.01413292434982447,0.013834030673293338,-0.021375588223098513
cyclic_slow_d20,Gaussian-m5,1006,0.009222327534098835,0.008877768403820586,-0.03807723020988731
cyclic_slow_d20,Gaussian-m5,1007,0.01486405881681497,0.01454505190936396,-0.02169527824033531
cyclic_slow_d20,Gaussian-m5,1008,0.012191075691924869,0.011885344565811386,-0.02539809135395048
cyclic_slow_d20,Gaussian-m5,1009,0.013253001797719308,0.012947921868884861,-0.023288775721627686
cyclic_slow_d20,Gaussian-m5,1010,0.01553058398897907,0.015202232571356257,-0.021368943619164416
cyclic_slow_d20,Gaussian-m5,1011,0.012696939359090073,0.012366738148285537,-0.026350507959873225
cyclic_slow_d20,Gaussian-m5,1012,0.010929380078945129,0.01059450052604837,-0.031119535003670103
cyclic_slow_d20,Gaussian-m5,1013,0.016970926151719034,0.016645110530701158,-0.019385142100462414
cyclic_slow_d20,Gaussian-m5,1014,0.010734157883237404,0.010393066710051505,-0.03229206101724755
cyclic_slow_d20,Gaussian-m5,1015,0.012080480354448132,0.011759420619560881,-0.026936281944477506
cyclic_slow_d20,Gaussian-m5,1016,0.01193574410448994,0.011591137959880746,-0.029296767101083258
cyclic_slow_d20,Gaussian-m5,1017,0.010011801348940693,0.009655057278711788,-0.03628268366948642
cyclic_slow_d20,Gaussian-m5,1018,0.010679535441480568,0.010342200713421184,-0.03209665320944251
cyclic_slow_d20,Gaussian-m5,1019,0.014128170330364261,0.013816315456136022,-0.02232052676381499
cyclic_slow_d20,Gaussian-m5,1020,0.011255045153882133,0.010987903281417253,-0.024021520252539792
cyclic_slow_d20,Gaussian-m5,1021,0.011237635478967379,0.010968609295401565,-0.02423096288126194
cyclic_slow_d20,Gaussian-m5,1022,0.010020483289183518,0.009745500559219133,-0.027825629558166854
cyclic_slow_d20,Gaussian-m5,1023,0.009219188076052215,0.008923501871128439,-0.032598516525789434
cyclic_slow_d20,Gaussian-m5,1024,0.013328262302535612,0.01299064090169137,-0.025657598245321364
cyclic_slow_d20,Gaussian-m5,1025,0.00967188350295479,0.009331890929701304,-0.03578540214910727
cyclic_slow_d20,Gaussian-m5,1026,0.01193368386298729,0.011641551063031597,-0.024784292036798838
cyclic_slow_d20,Gaussian-m5,1027,0.012005831849106662,0.011674637668526902,-0.02797375090222514
cyclic_slow_d20,Gaussian-m5,1028,0.0103164077985456,0.00995065326135122,-0.036097414500195144
cyclic_slow_d20,Gaussian-m5,1029,0.010881072488952764,0.010618953048873033,-0.024384382936408957
cyclic_slow_d20,Gaussian-m5,1030,0.011537157701321611,0.011265820657475148,-0.02379950960274402
cyclic_slow_d20,SPSA-m1,1001,0.008856448081465022,0.008818951849495469,-0.004242765466541239
cyclic_slow_d20,SPSA-m1,1002,0.00995724882142331,0.00993369228069022,-0.0023685708609855216
cyclic_slow_d20,SPSA-m1,1003,0.009030130062803317,0.008993038639609232,-0.004115977181498736
cyclic_slow_d20,SPSA-m1,1004,0.012939035654995115,0.012899932213388428,-0.003026705374448843
cyclic_slow_d20,SPSA-m1,1005,0.008453318208936498,0.008413118933485475,-0.004766786397117524
cyclic_slow_d20,SPSA-m1,1006,0.010835897289437969,0.010791611855297995,-0.004095293243225321
cyclic_slow_d20,SPSA-m1,1007,0.008405962466832844,0.008362102617141045,-0.005231366827224753
cyclic_slow_d20,SPSA-m1,1008,0.009160401786960856,0.009117898238491432,-0.004650719708069196
cyclic_slow_d20,SPSA-m1,1009,0.010764143942103416,0.01072994397595959,-0.0031822699465700053
cyclic_slow_d20,SPSA-m1,1010,0.009443347526442792,0.009399000439127846,-0.004707180790969946
cyclic_slow_d20,SPSA-m1,1011,0.0078110758018914905,0.007773488402553864,-0.004823679600676077
cyclic_slow_d20,SPSA-m1,1012,0.010226611923058968,0.010191007701966431,-0.003487601183225978
cyclic_slow_d20,SPSA-m1,1013,0.007733331939637094,0.007694825137634966,-0.004991766906152612
cyclic_slow_d20,SPSA-m1,1014,0.008394654503661267,0.00835463284123076,-0.004778918383149149
cyclic_slow_d20,SPSA-m1,1015,0.009739682886814953,0.009704084310961213,-0.00366169942966649
cyclic_slow_d20,SPSA-m1,1016,0.010706708651852446,0.010671233796109679,-0.0033188309296843725
cyclic_slow_d20,SPSA-m1,1017,0.008408679799082639,0.008367575860066295,-0.0049002616677232685
cyclic_slow_d20,SPSA-m1,1018,0.009226930620567725,0.009184770806384725,-0.0045796840706803866
cyclic_slow_d20,SPSA-m1,1019,0.007444322386804026,0.007407221304394474,-0.004996269796538743
cyclic_slow_d20,SPSA-m1,1020,0.00897958871802138,0.008943354401611116,-0.004043349971448337
cyclic_slow_d20,SPSA-m1,1021,0.008532817816137185,0.008495282376903278,-0.004408653884341767
cyclic_slow_d20,SPSA-m1,1022,0.007909825302366658,0.007871856958237299,-0.004811707238507885
cyclic_slow_d20,SPSA-m1,1023,0.007986617318324944,0.007943479182962654,-0.005415942182682851
cyclic_slow_d20,SPSA-m1,1024,0.009701446950193645,0.00966067355833496,-0.004211672178281999
cyclic_slow_d20,SPSA-m1,1025,0.009594441668676132,0.009561610945531583,-0.003427716132378649
cyclic_slow_d20,SPSA-m1,1026,0.009750191677624179,0.009715067974977419,-0.003608864345428391
cyclic_slow_d20,SPSA-m1,1027,0.009970661875122829,0.009935261945837572,-0.0035567268238312537
cyclic_slow_d20,SPSA-m1,1028,0.009379598661516024,0.00934009343092502,-0.004220719982250491
cyclic_slow_d20,SPSA-m1,1029,0.009880381341981995,0.00984467428859798,-0.0036204807790048074
cyclic_slow_d20,SPSA-m1,1030,0.009375684380093077,0.009340447336865728,-0.0037654239021199013
linear_fast_d20,CoordinateCentral,1001,0.3239165371581428,0.29621703774397,-0.08939345998396776
linear_fast_d20,CoordinateCentral,1002,0.32505334494359794,0.29730393926418475,-0.0892343271004444
linear_fast_d20,CoordinateCentral,1003,0.32425388691123547,0.29653207066866233,-0.089371433782444
linear_fast_d20,CoordinateCentral,1004,0.3243603919193474,0.296646004422908,-0.08931569474083229
linear_fast_d20,CoordinateCentral,1005,0.323501755938342,0.2958345257614643,-0.08940427844914181
linear_fast_d20,CoordinateCentral,1006,0.32410436764712347,0.29639203518948665,-0.0893825650591875
linear_fast_d20,CoordinateCentral,1007,0.32490116644629996,0.2971699589937666,-0.08921680520587727
linear_fast_d20,CoordinateCentral,1008,0.32382159864737425,0.29612311689364196,-0.08941743938756097
linear_fast_d20,CoordinateCentral,1009,0.32501326475567205,0.29725937308829953,-0.08926092837872712
linear_fast_d20,CoordinateCentral,1010,0.3241825010972887,0.2964703397451955,-0.08935945335634962
linear_fast_d20,CoordinateCentral,1011,0.3241811925909565,0.29647143826222255,-0.08935171171036457
linear_fast_d20,CoordinateCentral,1012,0.32464141807292574,0.29691256533117083,-0.08928354157154438
linear_fast_d20,CoordinateCentral,1013,0.32390857335539247,0.29622153945065205,-0.08935367650040778
linear_fast_d20,CoordinateCentral,1014,0.3236283777201802,0.2959706363421102,-0.0893356273032091
linear_fast_d20,CoordinateCentral,1015,0.3247660733415512,0.2970243453524367,-0.08929104250724135
linear_fast_d20,CoordinateCentral,1016,0.32448772674220067,0.2967580593737617,-0.08933052145042154
linear_fast_d20,CoordinateCentral,1017,0.32420971916623326,0.29649686339927683,-0.089353948146078
linear_fast_d20,CoordinateCentral,1018,0.32425081488396434,0.2965274202275318,-0.08937764247828045
linear_fast_d20,CoordinateCentral,1019,0.3246423335767676,0.2969002644127226,-0.08932779190248695
linear_fast_d20,CoordinateCentral,1020,0.3244114178601665,0.29668883329721285,-0.08932862823198878
linear_fast_d20,CoordinateCentral,1021,0.32400918709788573,0.29630183097066376,-0.08939323662154124
linear_fast_d20,CoordinateCentral,1022,0.32429473427258737,0.2965863929444751,-0.08931422410802953
linear_fast_d20,CoordinateCentral,1023,0.3241197850554469,0.29641431518650674,-0.08935496532256722
linear_fast_d20,CoordinateCentral,1024,0.3242079075784906,0.29650417560568293,-0.08932369872862547
linear_fast_d20,CoordinateCentral,1025,0.32460359180559023,0.2968617497502611,-0.08933817897496825
linear_fast_d20,CoordinateCentral,1026,0.32527230447908523,0.29751560407258393,-0.08919601718234305
linear_fast_d20,CoordinateCentral,1027,0.32423836430069314,0.29653538005482427,-0.08931240062181596
linear_fast_d20,CoordinateCentral,1028,0.3242263047174324,0.29651548516737736,-0.0893422997166639
linear_fast_d20,CoordinateCentral,1029,0.3242709124484561,0.2965395408378996,-0.08939874775617232
linear_fast_d20,CoordinateCentral,1030,0.3240503056444565,0.29634914875359264,-0.08936045228108652
linear_fast_d20,FirstOrderReference,1001,0.0027229093624624333,0.0027229093624624333,0.0
linear_fast_d20,FirstOrderReference,1002,0.0027229093624624333,0.0027229093624624333,0.0
linear_fast_d20,FirstOrderReference,1003,0.0027229093624624333,0.0027229093624624333,0.0
linear_fast_d20,FirstOrderReference,1004,0.0027229093624624333,0.0027229093624624333,0.0
linear_fast_d20,FirstOrderReference,1005,0.0027229093624624333,0.0027229093624624333,0.0
linear_fast_d20,FirstOrderReference,1006,0.0027229093624624333,0.0027229093624624333,0.0
linear_fast_d20,FirstOrderReference,1007,0.0027229093624624333,0.0027229093624624333,0.0
linear_fast_d20,FirstOrderReference,1008,0.0027229093624624333,0.0027229093624624333,0.0
linear_fast_d20,FirstOrderReference,1009,0.0027229093624624333,0.0027229093624624333,0.0
linear_fast_d20,FirstOrderReference,1010,0.0027229093624624333,0.0027229093624624333,0.0
linear_fast_d20,FirstOrderReference,1011,0.0027229093624624333,0.0027229093624624333,0.0
linear_fast_d20,FirstOrderReference,1012,0.0027229093624624333,0.0027229093624624333,0.0
linear_fast_d20,FirstOrderReference,1013,0.0027229093624624333,0.0027229093624624333,0.0
linear_fast_d20,FirstOrderReference,1014,0.0027229093624624333,0.0027229093624624333,0.0
linear_fast_d20,FirstOrderReference,1015,0.0027229093624624333,0.0027229093624624333,0.0
linear_fast_d20,FirstOrderReference,1016,0.0027229093624624333,0.0027229093624624333,0.0
linear_fast_d20,FirstOrderReference,1017,0.0027229093624624333,0.0027229093624624333,0.0
linear_fast_d20,FirstOrderReference,1018,0.0027229093624624333,0.0027229093624624333,0.0
linear_fast_d20,FirstOrderReference,1019,0.0027229093624624333,0.0027229093624624333,0.0
linear_fast_d20,FirstOrderReference,1020,0.0027229093624624333,0.0027229093624624333,0.0
linear_fast_d20,FirstOrderReference,1021,0.0027229093624624333,0.0027229093624624333,0.0
linear_fast_d20,FirstOrderReference,1022,0.0027229093624624333,0.0027229093624624333,0.0
linear_fast_d20,FirstOrderReference,1023,0.0027229093624624333,0.0027229093624624333,0.0
linear_fast_d20,FirstOrderReference,1024,0.0027229093624624333,0.0027229093624624333,0.0
linear_fast_d20,FirstOrderReference,1025,0.0027229093624624333,0.0027229093624624333,0.0
linear_fast_d20,FirstOrderReference,1026,0.0027229093624624333,0.0027229093624624333,0.0
linear_fast_d20,FirstOrderReference,1027,0.0027229093624624333,0.0027229093624624333,0.0
linear_fast_d20,FirstOrderReference,1028,0.0027229093624624333,0.0027229093624624333,0.0
linear_fast_d20,FirstOrderReference,1029,0.0027229093624624333,0.0027229093624624333,0.0
linear_fast_d20,FirstOrderReference,1030,0.0027229093624624333,0.0027229093624624333,0.0
linear_fast_d20,Gaussian-m1,1001,0.01195396280416614,0.011899683774990306,-0.004551012582499567
linear_fast_d20,Gaussian-m1,1002,0.010340549778158651,0.010301135089246028,-0.0038189456983692234
linear_fast_d20,Gaussian-m1,1003,0.008983305419469111,0.00893293766760409,-0.00562259445936218
linear_fast_d20,Gaussian-m1,1004,0.009389913398849,0.009344352849483529,-0.004863882959886367
linear_fast_d20,Gaussian-m1,1005,0.01150632470080344,0.011463218454874812,-0.0037533438294107663
linear_fast_d20,Gaussian-m1,1006,0.010711337288170569,0.010666617638034684,-0.004183722486043196
linear_fast_d20,Gaussian-m1,1007,0.011402142160204817,0.011352556701664716,-0.004358267918961353
linear_fast_d20,Gaussian-m1,1008,0.010225968929037045,0.010171491672737553,-0.0053415851016140724
linear_fast_d20,Gaussian-m1,1009,0.011499820741326045,0.011447325182208552,-0.00457535336815072
linear_fast_d20,Gaussian-m1,1010,0.012490025325017555,0.01244629113693518,-0.0035076738772062328
linear_fast_d20,Gaussian-m1,1011,0.010882133852404838,0.010828373921736094,-0.0049524443285686726
linear_fast_d20,Gaussian-m1,1012,0.01273294546059732,0.012683998783634179,-0.0038515044923891247
linear_fast_d20,Gaussian-m1,1013,0.00893863094434414,0.008882419040601237,-0.00630850485391763
linear_fast_d20,Gaussian-m1,1014,0.010531716877939499,0.010480967433527322,-0.0048303722014588655
linear_fast_d20,Gaussian-m1,1015,0.012113280761672823,0.012067369904195132,-0.003797326488888697
linear_fast_d20,Gaussian-m1,1016,0.00943571785916369,0.009389949263819112,-0.004862370636831156
linear_fast_d20,Gaussian-m1,1017,0.010605468198861635,0.010554260070976335,-0.004840159306764816
linear_fast_d20,Gaussian-m1,1018,0.012404096803281693,0.012349248290039996,-0.0044316113882683725
linear_fast_d20,Gaussian-m1,1019,0.010102426709406481,0.010052873851526721,-0.004917114242053876
linear_fast_d20,Gaussian-m1,1020,0.011143537956004139,0.01109323636655562,-0.004524188132481818
linear_fast_d20,Gaussian-m1,1021,0.010591299801726186,0.010545479144564336,-0.004335639697557241
linear_fast_d20,Gaussian-m1,1022,0.011293535609733512,0.01123641742675703,-0.005070432704074954
linear_fast_d20,Gaussian-m1,1023,0.011379892124676945,0.011329750542972673,-0.004415891867481106
linear_fast_d20,Gaussian-m1,1024,0.009038543464194554,0.008988215494320908,-0.005583710388440047
linear_fast_d20,Gaussian-m1,1025,0.009292791192002053,0.00924589994133759,-0.005058755262350852
linear_fast_d20,Gaussian-m1,1026,0.009003282986016686,0.008957277809075978,-0.005122922171542421
linear_fast_d20,Gaussian-m1,1027,0.008725748441684632,0.0086777209951742,-0.005519309653216981
linear_fast_d20,Gaussian-m1,1028,0.009937060800998588,0.00989305786690332,-0.004437997276263558
linear_fast_d20,Gaussian-m1,1029,0.009491961658560462,0.009443665503418018,-0.005101099578727996
linear_fast_d20,Gaussian-m1,1030,0.010114123712594738,0.010066502864440881,-0.004719470563701241
linear_fast_d20,Gaussian-m20,1001,0.02603800864369997,0.021950743445597005,-0.17075633253350225
linear_fast_d20,Gaussian-m20,1002,0.028625888340636743,0.024706133520726935,-0.14725996164224286
linear_fast_d20,Gaussian-m20,1003,0.030108644504702978,0.02620458258528405,-0.1388780200624052
linear_fast_d20,Gaussian-m20,1004,0.036639854198922475,0.03250254584253472,-0.11981814062673443
linear_fast_d20,Gaussian-m20,1005,0.029898068949408815,0.025979845017695544,-0.14047284890122472
linear_fast_d20,Gaussian-m20,1006,0.02595905365772501,0.02225562138177799,-0.1539258142341845
linear_fast_d20,Gaussian-m20,1007,0.03330123806790268,0.028922201555524486,-0.1409850554087171
linear_fast_d20,Gaussian-m20,1008,0.03104383388734583,0.026929377069226917,-0.14218242702430445
linear_fast_d20,Gaussian-m20,1009,0.02879501757139535,0.024811174275879266,-0.1489082438497782
linear_fast_d20,Gaussian-m20,1010,0.028766178688386674,0.025043114809642116,-0.1386014141016394
linear_fast_d20,Gaussian-m20,1011,0.02995082978156405,0.025993915878393132,-0.1416945237781421
linear_fast_d20,Gaussian-m20,1012,0.02782202154980173,0.024099652135939634,-0.14363044299778277
linear_fast_d20,Gaussian-m20,1013,0.027798289496132885,0.02378068570920005,-0.15610076349815247
linear_fast_d20,Gaussian-m20,1014,0.02744093935330672,0.023442998426291474,-0.15746415952574197
linear_fast_d20,Gaussian-m20,1015,0.03082347186335659,0.026833004603590813,-0.13864382835106712
linear_fast_d20,Gaussian-m20,1016,0.031159736550746574,0.026978175119312612,-0.14409855602508156
linear_fast_d20,Gaussian-m20,1017,0.030763435776450344,0.026740735014964497,-0.14013877587674364
linear_fast_d20,Gaussian-m20,1018,0.026939369852855128,0.0230637857783593,-0.15532510779218944
linear_fast_d20,Gaussian-m20,1019,0.028351651805974556,0.024359743051382044,-0.1517533984241996
linear_fast_d20,Gaussian-m20,1020,0.02558954169503674,0.021779051588650504,-0.16123516897844903
linear_fast_d20,Gaussian-m20,1021,0.029125953033370774,0.02536884316036638,-0.1381078596790157
linear_fast_d20,Gaussian-m20,1022,0.027078979921131657,0.02342900673192399,-0.14478291963043308
linear_fast_d20,Gaussian-m20,1023,0.02631090171057083,0.022404692273145378,-0.1607129536029976
linear_fast_d20,Gaussian-m20,1024,0.026432209378925636,0.022459414529093225,-0.16287343702585
linear_fast_d20,Gaussian-m20,1025,0.028210442795128767,0.024296019762823595,-0.14937968011760885
linear_fast_d20,Gaussian-m20,1026,0.02892559963518107,0.02493892916097598,-0.14829700083265696
linear_fast_d20,Gaussian-m20,1027,0.02608541911686775,0.022118229829627932,-0.16497435603038163
linear_fast_d20,Gaussian-m20,1028,0.029513126310272968,0.025792564329237575,-0.13474887795523013
linear_fast_d20,Gaussian-m20,1029,0.02914900851197557,0.024967634359774945,-0.15484053839926074
linear_fast_d20,Gaussian-m20,1030,0.030818907568500947,0.026514276377326125,-0.15044506457671666
linear_fast_d20,Gaussian-m5,1001,0.011744360550199028,0.011348626177531079,-0.034276477227160776
linear_fast_d20,Gaussian-m5,1002,0.013616199643757789,0.01315332223664322,-0.034585865876578394
linear_fast_d20,Gaussian-m5,1003,0.014200374777109358,0.013755623624972046,-0.031820625607457874
linear_fast_d20,Gaussian-m5,1004,0.015464381137767646,0.015041842649236517,-0.027703560791099424
linear_fast_d20,Gaussian-m5,1005,0.014284158121048336,0.013888098763645981,-0.028118830142341147
linear_fast_d20,Gaussian-m5,1006,0.014839234916362156,0.014455794639607842,-0.02617933361318279
linear_fast_d20,Gaussian-m5,1007,0.013479432357167651,0.013102809934032162,-0.028338288608497606
linear_fast_d20,Gaussian-m5,1008,0.013055308763698968,0.012634513801068014,-0.03276259309054619
linear_fast_d20,Gaussian-m5,1009,0.013407830260809703,0.012953203859190063,-0.034495724313064004
linear_fast_d20,Gaussian-m5,1010,0.014354595137695764,0.014011539034352209,-0.02418890272672689
linear_fast_d20,Gaussian-m5,1011,0.013057456100288129,0.012691614734597198,-0.02841780101177907
linear_fast_d20,Gaussian-m5,1012,0.013036246363404438,0.012589634181511145,-0.03485986813281844
linear_fast_d20,Gaussian-m5,1013,0.012519024388003749,0.012125778237493385,-0.031915819055502614
linear_fast_d20,Gaussian-m5,1014,0.014377895661540996,0.013954093800521443,-0.029919076103554484
linear_fast_d20,Gaussian-m5,1015,0.013107609712058318,0.012711004861356463,-0.03072481283854643
linear_fast_d20,Gaussian-m5,1016,0.011422251488344281,0.011027165574751094,-0.03520151183274893
linear_fast_d20,Gaussian-m5,1017,0.014640016193008976,0.014258940740966003,-0.026374484224975705
linear_fast_d20,Gaussian-m5,1018,0.016371577851766753,0.01596749547440833,-0.024991650500637955
linear_fast_d20,Gaussian-m5,1019,0.01536845761970047,0.014956910893917387,-0.027143742287265963
linear_fast_d20,Gaussian-m5,1020,0.012944748166681402,0.012578025229670478,-0.028738896938333557
linear_fast_d20,Gaussian-m5,1021,0.012700825558901086,0.012214139341791778,-0.039072752887074305
linear_fast_d20,Gaussian-m5,1022,0.012128706769585348,0.011690160586244232,-0.036827590607633645
linear_fast_d20,Gaussian-m5,1023,0.013643939475580985,0.013299676687482281,-0.025555702852935076
linear_fast_d20,Gaussian-m5,1024,0.0119251524517548,0.011574949292020293,-0.02980660176320582
linear_fast_d20,Gaussian-m5,1025,0.014210818280849764,0.01382306326790644,-0.027665076835992675
linear_fast_d20,Gaussian-m5,1026,0.01690174511393176,0.01657596971831048,-0.019462838541326712
linear_fast_d20,Gaussian-m5,1027,0.0114958130540809,0.011108568101599861,-0.03426617522040611
linear_fast_d20,Gaussian-m5,1028,0.013182909845150389,0.012772641725409754,-0.031615763733908356
linear_fast_d20,Gaussian-m5,1029,0.012031019153088036,0.011546469977087092,-0.04110848346407858
linear_fast_d20,Gaussian-m5,1030,0.013993237096426452,0.013534775894731444,-0.0333117828953453
linear_fast_d20,SPSA-m1,1001,0.010087106298395147,0.010036492713543283,-0.0050302822619227765
linear_fast_d20,SPSA-m1,1002,0.011133205150500317,0.011081083813068772,-0.004692604220820443
linear_fast_d20,SPSA-m1,1003,0.011483022100318565,0.011429288819291618,-0.004690350067585482
linear_fast_d20,SPSA-m1,1004,0.01165769389453881,0.011609369488479713,-0.004153895551787073
linear_fast_d20,SPSA-m1,1005,0.012280298828836356,0.012236474107931224,-0.0035750845101816054
linear_fast_d20,SPSA-m1,1006,0.010587433519490232,0.01053823845828031,-0.004657380857435838
linear_fast_d20,SPSA-m1,1007,0.012605098146233224,0.012556938196137858,-0.0038279897739115225
linear_fast_d20,SPSA-m1,1008,0.010867852771169311,0.010819836974405792,-0.0044279382247847335
linear_fast_d20,SPSA-m1,1009,0.0105391621012999,0.010491391933747157,-0.0045429378256953605
linear_fast_d20,SPSA-m1,1010,0.01077836072792761,0.010728249163575346,-0.004660116614671576
linear_fast_d20,SPSA-m1,1011,0.010169008208594798,0.01011633518988144,-0.005193221140922664
linear_fast_d20,SPSA-m1,1012,0.01018264565650992,0.01013175849083567,-0.005009969452534367
linear_fast_d20,SPSA-m1,1013,0.011092835423236832,0.011045510321969827,-0.004275402859806197
linear_fast_d20,SPSA-m1,1014,0.008875121053741386,0.008830713904342537,-0.0050161139100307044
linear_fast_d20,SPSA-m1,1015,0.009744646966702297,0.009692937808828942,-0.005320545783155985
linear_fast_d20,SPSA-m1,1016,0.00999330683875615,0.009941834383160755,-0.00516400354597241
linear_fast_d20,SPSA-m1,1017,0.009930176259439543,0.009877272214208775,-0.005341846134691568
linear_fast_d20,SPSA-m1,1018,0.009895912150849567,0.009844218201499786,-0.005237459590692344
linear_fast_d20,SPSA-m1,1019,0.009811727366125624,0.009762461532333172,-0.005033765442445157
linear_fast_d20,SPSA-m1,1020,0.012232236816717142,0.0121837277865443,-0.003973555400115418
linear_fast_d20,SPSA-m1,1021,0.01163414586768465,0.01158061221581967,-0.004612044335334642
linear_fast_d20,SPSA-m1,1022,0.00954834144838807,0.009494328537162077,-0.00567284483917271
linear_fast_d20,SPSA-m1,1023,0.011834081201993259,0.011785849598958495,-0.004083980641492776
linear_fast_d20,SPSA-m1,1024,0.010403716105035724,0.010357380897830795,-0.004463664336383534
linear_fast_d20,SPSA-m1,1025,0.010269733039880775,0.010222064353354739,-0.004652473533254876
linear_fast_d20,SPSA-m1,1026,0.009434837473832001,0.009384642268196533,-0.005334400881675552
linear_fast_d20,SPSA-m1,1027,0.00988438348675397,0.009837643481256663,-0.0047398873432472005
linear_fast_d20,SPSA-m1,1028,0.011668490644430941,0.01161836088694201,-0.004305419722181363
linear_fast_d20,SPSA-m1,1029,0.011486569061477058,0.011438770744423824,-0.004169917368161561
linear_fast_d20,SPSA-m1,1030,0.009394650064371263,0.009347239732688308,-0.005059301204372249
linear_slow_d20,CoordinateCentral,1001,0.021459546334231333,0.021418100026253425,-0.0019332367517528404
linear_slow_d20,CoordinateCentral,1002,0.021417946190816144,0.02137903308857624,-0.0018184981098530732
linear_slow_d20,CoordinateCentral,1003,0.021440188948122024,0.021400353353982174,-0.0018597152827815057
linear_slow_d20,CoordinateCentral,1004,0.02143019472863046,0.021389920604464048,-0.001881084893344644
linear_slow_d20,CoordinateCentral,1005,0.021452668992800517,0.021412992020905353,-0.0018512246067390555
linear_slow_d20,CoordinateCentral,1006,0.021412012107796186,0.021372832587762826,-0.001831467720110523
linear_slow_d20,CoordinateCentral,1007,0.02144345542766953,0.021404098213933215,-0.001837081534889962
linear_slow_d20,CoordinateCentral,1008,0.021428832092344544,0.02138935777608124,-0.0018438111264304179
linear_slow_d20,CoordinateCentral,1009,0.021436429145269272,0.021395180419523315,-0.0019260886488826805
linear_slow_d20,CoordinateCentral,1010,0.021483084136224365,0.021443569447404894,-0.001841033329254298
linear_slow_d20,CoordinateCentral,1011,0.021499916566548153,0.021458880007068908,-0.001910508451558699
linear_slow_d20,CoordinateCentral,1012,0.021399354810126066,0.021359463899304296,-0.0018658570839359381
linear_slow_d20,CoordinateCentral,1013,0.02143753640255966,0.021398054555352073,-0.0018434137363434794
linear_slow_d20,CoordinateCentral,1014,0.021416868182228512,0.02137755181416073,-0.001837453534029696
linear_slow_d20,CoordinateCentral,1015,0.021433747331263284,0.021394038774271408,-0.001854336727674731
linear_slow_d20,CoordinateCentral,1016,0.021492767196657776,0.0214514726608567,-0.0019231705423452146
linear_slow_d20,CoordinateCentral,1017,0.021447990358268023,0.021408309508718477,-0.0018518099328297876
linear_slow_d20,CoordinateCentral,1018,0.021444112051158825,0.02140354967264089,-0.0018933304177204608
linear_slow_d20,CoordinateCentral,1019,0.021459110713280556,0.02141845856712025,-0.0018961969637349588
linear_slow_d20,CoordinateCentral,1020,0.021407975377330017,0.02136802013666181,-0.001868115601189195
linear_slow_d20,CoordinateCentral,1021,0.02148714375969134,0.021445806336363834,-0.0019256741504623323
linear_slow_d20,CoordinateCentral,1022,0.02142416320526204,0.021384601741233713,-0.0018482885614739975
linear_slow_d20,CoordinateCentral,1023,0.021477368303835134,0.021436633574193523,-0.0018984359459920102
linear_slow_d20,CoordinateCentral,1024,0.0214158861967202,0.02137708324907977,-0.0018135202477291808
linear_slow_d20,CoordinateCentral,1025,0.021396066734249368,0.02135664249250978,-0.0018442926133795119
linear_slow_d20,CoordinateCentral,1026,0.02138477301415857,0.02134511305815071,-0.0018563104675446893
linear_slow_d20,CoordinateCentral,1027,0.021449547161156508,0.021408910785439578,-0.001896306579432154
linear_slow_d20,CoordinateCentral,1028,0.021527299845480123,0.02148825572092874,-0.0018153495757402339
linear_slow_d20,CoordinateCentral,1029,0.021496583873555332,0.02145586482044229,-0.0018960067027304877
linear_slow_d20,CoordinateCentral,1030,0.02148134172803584,0.02144109422907005,-0.0018753600472164159
linear_slow_d20,FirstOrderReference,1001,0.0025109722926573977,0.0025109722926573977,0.0
linear_slow_d20,FirstOrderReference,1002,0.0025109722926573977,0.0025109722926573977,0.0
linear_slow_d20,FirstOrderReference,1003,0.0025109722926573977,0.0025109722926573977,0.0
linear_slow_d20,FirstOrderReference,1004,0.0025109722926573977,0.0025109722926573977,0.0
linear_slow_d20,FirstOrderReference,1005,0.0025109722926573977,0.0025109722926573977,0.0
linear_slow_d20,FirstOrderReference,1006,0.0025109722926573977,0.0025109722926573977,0.0
linear_slow_d20,FirstOrderReference,1007,0.0025109722926573977,0.0025109722926573977,0.0
linear_slow_d20,FirstOrderReference,1008,0.0025109722926573977,0.0025109722926573977,0.0
linear_slow_d20,FirstOrderReference,1009,0.0025109722926573977,0.0025109722926573977,0.0
linear_slow_d20,FirstOrderReference,1010,0.0025109722926573977,0.0025109722926573977,0.0
linear_slow_d20,FirstOrderReference,1011,0.0025109722926573977,0.0025109722926573977,0.0
linear_slow_d20,FirstOrderReference,1012,0.0025109722926573977,0.0025109722926573977,0.0
linear_slow_d20,FirstOrderReference,1013,0.0025109722926573977,0.0025109722926573977,0.0
linear_slow_d20,FirstOrderReference,1014,0.0025109722926573977,0.0025109722926573977,0.0
linear_slow_d20,FirstOrderReference,1015,0.0025109722926573977,0.0025109722926573977,0.0
linear_slow_d20,FirstOrderReference,1016,0.0025109722926573977,0.0025109722926573977,0.0
linear_slow_d20,FirstOrderReference,1017,0.0025109722926573977,0.0025109722926573977,0.0
linear_slow_d20,FirstOrderReference,1018,0.0025109722926573977,0.0025109722926573977,0.0
linear_slow_d20,FirstOrderReference,1019,0.0025109722926573977,0.0025109722926573977,0.0
linear_slow_d20,FirstOrderReference,1020,0.0025109722926573977,0.0025109722926573977,0.0
linear_slow_d20,FirstOrderReference,1021,0.0025109722926573977,0.0025109722926573977,0.0
linear_slow_d20,FirstOrderReference,1022,0.0025109722926573977,0.0025109722926573977,0.0
linear_slow_d20,FirstOrderReference,1023,0.0025109722926573977,0.0025109722926573977,0.0
linear_slow_d20,FirstOrderReference,1024,0.0025109722926573977,0.0025109722926573977,0.0
linear_slow_d20,FirstOrderReference,1025,0.0025109722926573977,0.0025109722926573977,0.0
linear_slow_d20,FirstOrderReference,1026,0.0025109722926573977,0.0025109722926573977,0.0
linear_slow_d20,FirstOrderReference,1027,0.0025109722926573977,0.0025109722926573977,0.0
linear_slow_d20,FirstOrderReference,1028,0.0025109722926573977,0.0025109722926573977,0.0
linear_slow_d20,FirstOrderReference,1029,0.0025109722926573977,0.0025109722926573977,0.0
linear_slow_d20,FirstOrderReference,1030,0.0025109722926573977,0.0025109722926573977,0.0
linear_slow_d20,Gaussian-m1,1001,0.00453638414516215,0.0045363715476531416,-2.776997294944299e-06
linear_slow_d20,Gaussian-m1,1002,0.0054174163638025154,0.005417058135798538,-6.612743499856047e-05
linear_slow_d20,Gaussian-m1,1003,0.0043696432199461345,0.004369590795203473,-1.1997560099958969e-05
linear_slow_d20,Gaussian-m1,1004,0.004016408773445589,0.004016115206918566,-7.309446641450645e-05
linear_slow_d20,Gaussian-m1,1005,0.005678512133800881,0.005678198539156604,-5.522631568028576e-05
linear_slow_d20,Gaussian-m1,1006,0.004585210669061865,0.004585069796401273,-3.0723740922442374e-05
linear_slow_d20,Gaussian-m1,1007,0.006307526012222957,0.006307361901577315,-2.601856580467881e-05
linear_slow_d20,Gaussian-m1,1008,0.005504238769994581,0.005504067625366908,-3.10937253270536e-05
linear_slow_d20,Gaussian-m1,1009,0.005535178984440342,0.005534915927812276,-4.752563192998863e-05
linear_slow_d20,Gaussian-m1,1010,0.0037467203187324808,0.003746380756089238,-9.063340800675994e-05
linear_slow_d20,Gaussian-m1,1011,0.005043330023004499,0.005043152759748059,-3.514867576262335e-05
linear_slow_d20,Gaussian-m1,1012,0.004803705671307427,0.0048034547580531415,-5.223463398739419e-05
linear_slow_d20,Gaussian-m1,1013,0.003873782783725278,0.0038738285232836817,1.180739626493551e-05
linear_slow_d20,Gaussian-m1,1014,0.007330225390287727,0.007330085577544749,-1.907363947305433e-05
linear_slow_d20,Gaussian-m1,1015,0.007986293908330144,0.007986229831394052,-8.023395317677382e-06
linear_slow_d20,Gaussian-m1,1016,0.008193165557681641,0.008193194909890943,3.5825172234103374e-06
linear_slow_d20,Gaussian-m1,1017,0.006933121455584097,0.006932722591386722,-5.753190301771644e-05
linear_slow_d20,Gaussian-m1,1018,0.005944384964071818,0.00594427737132002,-1.8100060169132964e-05
linear_slow_d20,Gaussian-m1,1019,0.005363837199133166,0.005364044546132291,3.865572050001572e-05
linear_slow_d20,Gaussian-m1,1020,0.0049438397789346505,0.004943730164526357,-2.217216341826247e-05
linear_slow_d20,Gaussian-m1,1021,0.005213076870947366,0.00521322797507195,2.898517294981607e-05
linear_slow_d20,Gaussian-m1,1022,0.005715148469365546,0.005715035644530843,-1.9741560342762133e-05
linear_slow_d20,Gaussian-m1,1023,0.003793967130965892,0.003793742311055216,-5.92589667434453e-05
linear_slow_d20,Gaussian-m1,1024,0.005425497280510462,0.005425396617704512,-1.8553827342932492e-05
linear_slow_d20,Gaussian-m1,1025,0.006161832376027141,0.006161588618104938,-3.956010629685749e-05
linear_slow_d20,Gaussian-m1,1026,0.004713622359822021,0.004713595702408297,-5.655414682956437e-06
linear_slow_d20,Gaussian-m1,1027,0.005686881429299872,0.005686735148348773,-2.572285606918335e-05
linear_slow_d20,Gaussian-m1,1028,0.0055608317357933035,0.005560522700321336,-5.5575150279108164e-05
linear_slow_d20,Gaussian-m1,1029,0.004836307894636589,0.004836329699949121,4.5086590535103985e-06
linear_slow_d20,Gaussian-m1,1030,0.004983456588898121,0.004983229909342957,-4.548744565063056e-05
linear_slow_d20,Gaussian-m20,1001,0.01452358036630965,0.014502673862337079,-0.0014405239768906608
linear_slow_d20,Gaussian-m20,1002,0.006291359048321971,0.006278577966247805,-0.002033595946271609
linear_slow_d20,Gaussian-m20,1003,0.006940821905527874,0.006934300569673117,-0.0009400041472216455
linear_slow_d20,Gaussian-m20,1004,0.0090081502423143,0.008985582467232819,-0.0025084052629863463
linear_slow_d20,Gaussian-m20,1005,0.010614094228171849,0.010608741905281166,-0.0005043928125818419
linear_slow_d20,Gaussian-m20,1006,0.010278438363992351,0.01027693789663066,-0.00014599269264950942
linear_slow_d20,Gaussian-m20,1007,0.011535649678664977,0.011514859318881712,-0.0018038964279013332
linear_slow_d20,Gaussian-m20,1008,0.010382831215860693,0.010369063164023482,-0.0013269201939167233
linear_slow_d20,Gaussian-m20,1009,0.00825157616747622,0.00823987920674235,-0.0014185482639233536
linear_slow_d20,Gaussian-m20,1010,0.010482656029051747,0.010478641051422643,-0.00038308485040708373
linear_slow_d20,Gaussian-m20,1011,0.010782615467942428,0.010780754137613965,-0.00017263816992740878
linear_slow_d20,Gaussian-m20,1012,0.011061752466722634,0.011056469584795354,-0.000477694998760315
linear_slow_d20,Gaussian-m20,1013,0.01096264731641259,0.010958015510057258,-0.00042259729652610665
linear_slow_d20,Gaussian-m20,1014,0.008996021377698261,0.008997822200035933,0.00020015983087819114
linear_slow_d20,Gaussian-m20,1015,0.007861246036099608,0.007859844467398718,-0.00017830426003734128
linear_slow_d20,Gaussian-m20,1016,0.00875086644476764,0.008741111693865959,-0.0011153400530916613
linear_slow_d20,Gaussian-m20,1017,0.008084663907093918,0.008077776928092383,-0.0008522202170558735
linear_slow_d20,Gaussian-m20,1018,0.006769288425375733,0.006763208009229965,-0.0008986392990147278
linear_slow_d20,Gaussian-m20,1019,0.010006161253583489,0.009998056789846384,-0.0008102755291831188
linear_slow_d20,Gaussian-m20,1020,0.008739904585229495,0.008723876134490136,-0.0018356225948174432
linear_slow_d20,Gaussian-m20,1021,0.010653570651451142,0.010644775262376697,-0.0008259223143440338
linear_slow_d20,Gaussian-m20,1022,0.010796395902731279,0.010790095490317635,-0.0005837366043262907
linear_slow_d20,Gaussian-m20,1023,0.005108615237658729,0.005098607755745261,-0.00196086342514244
linear_slow_d20,Gaussian-m20,1024,0.00966220946235844,0.009655824153027,-0.0006610724146266599
linear_slow_d20,Gaussian-m20,1025,0.009857816543661153,0.009850323732023762,-0.0007603773764130093
linear_slow_d20,Gaussian-m20,1026,0.009504010377341101,0.009498547289833412,-0.0005749844577646566
linear_slow_d20,Gaussian-m20,1027,0.008796657335859381,0.008785605562511265,-0.0012571504438923806
linear_slow_d20,Gaussian-m20,1028,0.006794418130490841,0.00679282910794591,-0.00023389911499955055
linear_slow_d20,Gaussian-m20,1029,0.008672297576559476,0.008663921207247611,-0.0009663433610474762
linear_slow_d20,Gaussian-m20,1030,0.007722485590767771,0.007714094580467776,-0.0010871593362481093
linear_slow_d20,Gaussian-m5,1001,0.00709777258648016,0.007095549252990044,-0.0003132929040076007
linear_slow_d20,Gaussian-m5,1002,0.0062517522393722965,0.006249497819855941,-0.00036067105771241565
linear_slow_d20,Gaussian-m5,1003,0.005591404176587192,0.005590202387750193,-0.00021495816986800964
linear_slow_d20,Gaussian-m5,1004,0.01370051634741663,0.013697220484146632,-0.00024059383489653487
linear_slow_d20,Gaussian-m5,1005,0.007115414380473178,0.007113130204478488,-0.00032106952340410966
linear_slow_d20,Gaussian-m5,1006,0.007432913498638828,0.007432473411074107,-5.9209702044382326e-05
linear_slow_d20,Gaussian-m5,1007,0.0092096747933468,0.009208122688464418,-0.0001685440278718883
linear_slow_d20,Gaussian-m5,1008,0.005484154365937612,0.005483708519798706,-8.130045821977693e-05
linear_slow_d20,Gaussian-m5,1009,0.00862167323918716,0.008621399251251638,-3.1779479637081485e-05
linear_slow_d20,Gaussian-m5,1010,0.005325728640578614,0.005325068654822552,-0.00012393170926117543
linear_slow_d20,Gaussian-m5,1011,0.00456487531543943,0.004564206664004975,-0.00014648820925404813
linear_slow_d20,Gaussian-m5,1012,0.0074415816007796795,0.007441453818298881,-1.7171561741767955e-05
linear_slow_d20,Gaussian-m5,1013,0.00618994115706685,0.006189382279886109,-9.029203962022753e-05
linear_slow_d20,Gaussian-m5,1014,0.007745231883902502,0.007744266585432814,-0.0001246390866494901
linear_slow_d20,Gaussian-m5,1015,0.007766168303789021,0.0077651808743637064,-0.00012715307798682508
linear_slow_d20,Gaussian-m5,1016,0.006403252649287696,0.0064031147806538485,-2.1531263194997342e-05
linear_slow_d20,Gaussian-m5,1017,0.007482610977019425,0.007481974686875528,-8.503946030595925e-05
linear_slow_d20,Gaussian-m5,1018,0.0053686028350453125,0.005366650242499485,-0.0003637720607527471
linear_slow_d20,Gaussian-m5,1019,0.006925530532617026,0.006927004721298695,0.00021284027222629254
linear_slow_d20,Gaussian-m5,1020,0.00884751112068175,0.008845739806010682,-0.0002002248975414256
linear_slow_d20,Gaussian-m5,1021,0.008661256704455127,0.008661080298505913,-2.036745378995382e-05
linear_slow_d20,Gaussian-m5,1022,0.010207080514880718,0.010205653636523433,-0.00013980276713797867
linear_slow_d20,Gaussian-m5,1023,0.004438438471682571,0.004437933513761662,-0.00011377574582976772
linear_slow_d20,Gaussian-m5,1024,0.010612734466779766,0.010610272153452338,-0.00023204189515063566
linear_slow_d20,Gaussian-m5,1025,0.005458659482399294,0.00545767538745084,-0.00018029768468140215
linear_slow_d20,Gaussian-m5,1026,0.005340429096838229,0.005340304947878207,-2.3247271115997104e-05
linear_slow_d20,Gaussian-m5,1027,0.008333975662658725,0.008334409895399441,5.210255537975108e-05
linear_slow_d20,Gaussian-m5,1028,0.008650162740398962,0.008648484168175577,-0.00019406977176009756
linear_slow_d20,Gaussian-m5,1029,0.007678882205117971,0.0076781184367511425,-9.946842945044525e-05
linear_slow_d20,Gaussian-m5,1030,0.008635739196801787,0.008634949101952947,-9.149546743277888e-05
linear_slow_d20,SPSA-m1,1001,0.0047360428669203725,0.004736107621249721,1.3672571910733292e-05
linear_slow_d20,SPSA-m1,1002,0.004144806709738572,0.004144724233070766,-1.9898995100635978e-05
linear_slow_d20,SPSA-m1,1003,0.008232481159240405,0.008232567653192418,1.0506370554854517e-05
linear_slow_d20,SPSA-m1,1004,0.00414876836872365,0.004148634080388567,-3.236876502452889e-05
linear_slow_d20,SPSA-m1,1005,0.005379003752773686,0.00537897906436723,-4.5897835821090415e-06
linear_slow_d20,SPSA-m1,1006,0.007950147511383353,0.007950575464912145,5.382818498659191e-05
linear_slow_d20,SPSA-m1,1007,0.006178590582935945,0.006178756004527186,2.6772995331963568e-05
linear_slow_d20,SPSA-m1,1008,0.005163650534388518,0.005163567317607913,-1.611601145621824e-05
linear_slow_d20,SPSA-m1,1009,0.005279925999558222,0.005279842038276516,-1.590210720667646e-05
linear_slow_d20,SPSA-m1,1010,0.0038494035597338994,0.003849293266488871,-2.865244534895981e-05
linear_slow_d20,SPSA-m1,1011,0.0049257627942455055,0.004925251920631254,-0.00010371999829377374
linear_slow_d20,SPSA-m1,1012,0.0068546308352633945,0.006854232819303103,-5.806695148958309e-05
linear_slow_d20,SPSA-m1,1013,0.004494912667292892,0.004494942602480785,6.659770818311467e-06
linear_slow_d20,SPSA-m1,1014,0.005754422021074266,0.005754281675112662,-2.4389534271826517e-05
linear_slow_d20,SPSA-m1,1015,0.0037766770706966104,0.003776560655931854,-3.08251292966453e-05
linear_slow_d20,SPSA-m1,1016,0.0052886927256021125,0.005288562189397577,-2.4682435204829733e-05
linear_slow_d20,SPSA-m1,1017,0.0075056634583997835,0.007505558635707635,-1.3965910502617837e-05
linear_slow_d20,SPSA-m1,1018,0.00410229491033695,0.004102111462471635,-4.471935128758814e-05
linear_slow_d20,SPSA-m1,1019,0.00485555258087464,0.004855509175462326,-8.93937519980269e-06
linear_slow_d20,SPSA-m1,1020,0.005979804826910905,0.005979939996105388,2.2604026505490205e-05
linear_slow_d20,SPSA-m1,1021,0.005691831765949623,0.005691664897167744,-2.931766694006739e-05
linear_slow_d20,SPSA-m1,1022,0.003982837299473276,0.00398283601830868,-3.2167138797041033e-07
linear_slow_d20,SPSA-m1,1023,0.003622711971475249,0.0036225958552819925,-3.2052797767307764e-05
linear_slow_d20,SPSA-m1,1024,0.00601365858986954,0.006013394280429952,-4.395248652868636e-05
linear_slow_d20,SPSA-m1,1025,0.006491161073084851,0.006491104703825225,-8.684040304737912e-06
linear_slow_d20,SPSA-m1,1026,0.004347917523697848,0.004347714996071406,-4.658145937469117e-05
linear_slow_d20,SPSA-m1,1027,0.006164699611093123,0.006164427599329742,-4.4125063969701866e-05
linear_slow_d20,SPSA-m1,1028,0.006707842514851097,0.006707659169959144,-2.7333288947632796e-05
linear_slow_d20,SPSA-m1,1029,0.006248558291895532,0.006248655757475457,1.5597969202211373e-05
linear_slow_d20,SPSA-m1,1030,0.005405615209862938,0.0054056366944621225,3.974488685556678e-06
