case_id,protocol,method,runs,final_mse_mean,final_mse_std,final_mse_median,final_mse_q25,final_mse_q75,final_mse_ci_low,final_mse_ci_high,query_averaged_mse_mean,query_averaged_mse_std,query_averaged_mse_median,query_averaged_mse_q25,query_averaged_mse_q75,query_averaged_mse_ci_low,query_averaged_mse_ci_high,tail_mse_mean,tail_mse_std,tail_mse_median,tail_mse_q25,tail_mse_q75,tail_mse_ci_low,tail_mse_ci_high,queries_to_threshold_mean,queries_to_threshold_std,queries_to_threshold_median,queries_to_threshold_q25,queries_to_threshold_q75,queries_to_threshold_ci_low,queries_to_threshold_ci_high,mean_gradient_cosine_mean,mean_gradient_cosine_std,mean_gradient_cosine_median,mean_gradient_cosine_q25,mean_gradient_cosine_q75,mean_gradient_cosine_ci_low,mean_gradient_cosine_ci_high,updates_mean,updates_std,updates_median,updates_q25,updates_q75,updates_ci_low,updates_ci_high,maximum_gradient_norm_mean,maximum_gradient_norm_std,maximum_gradient_norm_median,maximum_gradient_norm_q25,maximum_gradient_norm_q75,maximum_gradient_norm_ci_low,maximum_gradient_norm_ci_high,failed_mean,failed_std,failed_median,failed_q25,failed_q75,failed_ci_low,failed_ci_high
cyclic_fast_d20,frozen,CoordinateCentral,30,0.009267020420682734,0.00010214003193456675,0.009273649196447757,0.009212146560460124,0.009336307226386148,0.009231225294217563,0.009301493918249597,0.613345498987825,5.538532285423679e-05,0.6133391831015733,0.6133135907809046,0.6133798688420282,0.6133253486877094,0.6133648751637681,0.578453588485608,5.430130869554943e-05,0.5784519563622671,0.5784196216702053,0.5784779588842738,0.5784346019738198,0.5784724744770033,1586.6666666666667,100.80138659874618,1500.0,1500.0,1700.0,1553.3333333333333,1620.0,0.5778362870894272,0.00021057280502346682,0.5777981550641287,0.5776761938857149,0.5779967338045515,0.5777659482995687,0.5779141643748431,250.0,0.0,250.0,250.0,250.0,250.0,250.0,3.8912858621926305,0.007082157742826966,3.8889821281881067,3.8857877074834852,3.8969563898965403,3.888826441293839,3.8936905534236517,0.0,0.0,0.0,0.0,0.0,0.0,0.0
cyclic_fast_d20,frozen,FirstOrderReference,30,0.11161707593723089,2.823006427041851e-17,0.11161707593723086,0.11161707593723086,0.11161707593723086,0.11161707593723089,0.11161707593723089,0.07856152559551668,1.4115032135209254e-17,0.0785615255955167,0.0785615255955167,0.0785615255955167,0.07856152559551668,0.07856152559551668,0.07728680245573362,1.4115032135209254e-17,0.0772868024557336,0.0772868024557336,0.0772868024557336,0.07728680245573362,0.07728680245573362,,,,,,,,0.9979115032827035,2.2584051416334807e-16,0.9979115032827033,0.9979115032827033,0.9979115032827033,0.9979115032827035,0.9979115032827035,10000.0,0.0,10000.0,10000.0,10000.0,10000.0,10000.0,3.0139374681374407,4.516810283266961e-16,3.0139374681374402,3.0139374681374402,3.0139374681374402,3.0139374681374407,3.0139374681374407,0.0,0.0,0.0,0.0,0.0,0.0,0.0
cyclic_fast_d20,frozen,Gaussian-m1,30,0.48745829965478993,0.1476508445212861,0.47542594652355913,0.39229184178234355,0.5988339306018615,0.4356774582061034,0.5383754314001634,0.7061185933436577,0.02002261025262796,0.7034644142857591,0.693630186755454,0.7150921220780038,0.6996344064760005,0.7131984854367714,0.6901444549815273,0.04631500011999772,0.690039277490244,0.6575833215335444,0.7155208581640492,0.673498633501935,0.7070125222269229,,,,,,,,0.18000210585298057,0.001952033715190534,0.18023318750503853,0.17897187589675254,0.18108278414476373,0.17934529377359767,0.18066429591710084,5000.0,0.0,5000.0,5000.0,5000.0,5000.0,5000.0,42.65138838299324,3.6639317085097867,42.240991508358064,40.494176722558166,43.89286868297621,41.472354934201334,43.97859773962906,0.0,0.0,0.0,0.0,0.0,0.0,0.0
cyclic_fast_d20,frozen,Gaussian-m20,30,1.0319547710602361,0.3571763489906759,0.9976993975098357,0.7621772945411619,1.273203325081247,0.9096015808911323,1.155586138369713,1.6438113868665718,0.05454466889353118,1.636735857308921,1.6225593125156723,1.6747699022874218,1.6253043044138835,1.6632251205152138,1.6328553834636408,0.11064392041983766,1.6114800284585804,1.546265975803139,1.6903586135207609,1.5972594840116567,1.6738769538073972,,,,,,,,0.5872687081787284,0.010940007015638341,0.5867314409773172,0.5804784061967941,0.5938118652468887,0.5833888851486232,0.590956605835421,250.0,0.0,250.0,250.0,250.0,250.0,250.0,10.292576610720419,1.2059906542965186,10.023142102174333,9.459904911689318,11.04936342017093,9.880019487882247,10.717023421892373,0.0,0.0,0.0,0.0,0.0,0.0,0.0
cyclic_fast_d20,frozen,Gaussian-m5,30,0.8841147569001182,0.30900116958712914,0.8824817119082149,0.6344651956234301,1.021107127318825,0.7751512567520966,0.9946746252112794,1.0119751747131533,0.03230830991322467,1.0123048789679896,0.9874315155622354,1.0282746029755765,1.0003338163084299,1.0233938955443573,1.0323157683155677,0.08298630699900524,1.0267324792659869,0.9874414664139233,1.076478443792626,1.0035148589960114,1.0614962540399109,,,,,,,,0.43922384774190815,0.003697803317970467,0.43966427997055435,0.4362861116632658,0.4413960187257204,0.43787465184621693,0.44050082447177663,1000.0,0.0,1000.0,1000.0,1000.0,1000.0,1000.0,16.535702544840436,1.966912906339072,16.347304557408904,14.823885768214325,17.400991397442468,15.858207013141998,17.261547443977324,0.0,0.0,0.0,0.0,0.0,0.0,0.0
cyclic_fast_d20,frozen,SPSA-m1,30,0.47854876869041,0.1571823659060078,0.46651538614546917,0.3727319583312982,0.5838302455083588,0.4259497513657686,0.5317800929143276,0.7054585224089894,0.025917765247178814,0.7045361057979502,0.6900364715089078,0.7244114699129485,0.6963563801821496,0.7138624370752823,0.6983033620389426,0.05255191512450048,0.6947119280234773,0.6661983484714258,0.7251340606662917,0.6801381432418683,0.716998196716073,,,,,,,,0.18006249013862577,0.0022923954248113753,0.18030368030424926,0.1782191050685474,0.1819163856272295,0.17924631494988766,0.18084812897144206,5000.0,0.0,5000.0,5000.0,5000.0,5000.0,5000.0,43.86198878459281,3.988607597098005,43.4638091706733,40.69738993710474,47.066885397362014,42.50466210590016,45.301666873242496,0.0,0.0,0.0,0.0,0.0,0.0,0.0
cyclic_fast_d20,streaming,CoordinateCentral,30,0.010906918553406551,0.00011093441728113294,0.010897310902637312,0.010855098952558472,0.01095727848977057,0.010866873989442619,0.010944663584220131,0.5750855017508573,7.37660146994876e-05,0.5750815768117605,0.5750237702949609,0.5751407099792627,0.5750590631202425,0.5751108068204411,0.539336986606495,8.773805005244454e-05,0.5393382537358834,0.5392844280211837,0.539390090926749,0.539305471946421,0.5393694824037535,,,,,,,,0.6852766442179317,0.00032625299557420215,0.6852549238192407,0.6851014205909216,0.6855547998396981,0.6851598227577095,0.6853825688116362,250.0,0.0,250.0,250.0,250.0,250.0,250.0,3.9060296594214057,0.005803813563661962,3.9054088050188795,3.9024379435311793,3.9103902682295093,3.9040407641426103,3.9080650112139557,0.0,0.0,0.0,0.0,0.0,0.0,0.0
cyclic_fast_d20,streaming,FirstOrderReference,30,0.11161707593723089,2.823006427041851e-17,0.11161707593723086,0.11161707593723086,0.11161707593723086,0.11161707593723089,0.11161707593723089,0.07856152559551668,1.4115032135209254e-17,0.0785615255955167,0.0785615255955167,0.0785615255955167,0.07856152559551668,0.07856152559551668,0.07728680245573362,1.4115032135209254e-17,0.0772868024557336,0.0772868024557336,0.0772868024557336,0.07728680245573362,0.07728680245573362,,,,,,,,0.9979115032827035,2.2584051416334807e-16,0.9979115032827033,0.9979115032827033,0.9979115032827033,0.9979115032827035,0.9979115032827035,10000.0,0.0,10000.0,10000.0,10000.0,10000.0,10000.0,3.0139374681374407,4.516810283266961e-16,3.0139374681374402,3.0139374681374402,3.0139374681374402,3.0139374681374407,3.0139374681374407,0.0,0.0,0.0,0.0,0.0,0.0,0.0
cyclic_fast_d20,streaming,Gaussian-m1,30,0.4926552643727721,0.14641904119972923,0.47751541450324614,0.4097834999504768,0.6210407113132079,0.44110306686357226,0.5425813111957831,0.7079245968473492,0.02039339308080155,0.7061067002525891,0.694871690395056,0.7195926110299365,0.7011529222519303,0.7150497410691046,0.6917750115604976,0.04800880545828444,0.6919013455698284,0.6587623247863457,0.7222119924831354,0.6746978343912415,0.7081867214318367,,,,,,,,0.17945160605176186,0.0020489825920143815,0.17976541817686764,0.1782561076310512,0.1806432240751334,0.1787200617813334,0.18016707490384865,5000.0,0.0,5000.0,5000.0,5000.0,5000.0,5000.0,42.99567214415181,3.766541346011997,42.44275837346326,40.59251978205192,45.37164429743961,41.68839546272902,44.33286803072976,0.0,0.0,0.0,0.0,0.0,0.0,0.0
cyclic_fast_d20,streaming,Gaussian-m20,30,0.6823395200116893,0.29731465179386396,0.5971946151755232,0.4425740663753683,0.9185036264878031,0.5788507768095156,0.7965145399767974,1.2713114256845948,0.04800763886323014,1.268595606571921,1.2371339997271436,1.2943487332889752,1.2546804121787396,1.288229382595443,1.2557499602438082,0.10001860739771444,1.236383982541272,1.1956372025837458,1.3062025116403044,1.2210946014435806,1.2927054558958908,,,,,,,,0.6749882579184369,0.008211550792669333,0.6758899986647282,0.6709369506386943,0.6789567260382583,0.6721422883039045,0.6776656872575145,250.0,0.0,250.0,250.0,250.0,250.0,250.0,9.944016596409707,0.8724332550241083,9.8194818596951,9.37345381944905,10.410147788839707,9.661867437662353,10.244705000571608,0.0,0.0,0.0,0.0,0.0,0.0,0.0
cyclic_fast_d20,streaming,Gaussian-m5,30,0.8530815552695773,0.3551447044139252,0.7883779171128463,0.5965163243736602,1.0253535938348892,0.7307094669198856,0.9795584738119674,0.9700630914782349,0.03478975862053091,0.9643399528152714,0.9498931085213249,0.9843302598686547,0.9578788009962331,0.9827941017927816,0.9891741065296171,0.0866306824556586,0.9833326994367817,0.9490726865203335,1.0296474773014643,0.9577535698841861,1.0196634505400461,,,,,,,,0.44340962822456464,0.0034763178880975105,0.44377793520016123,0.4411865268225419,0.44608638934683753,0.44214141185106054,0.44458356885340683,1000.0,0.0,1000.0,1000.0,1000.0,1000.0,1000.0,16.81864909525577,1.8271871308106928,16.63038830161628,15.19832506639527,17.752951855891148,16.181863240507063,17.484891161916394,0.0,0.0,0.0,0.0,0.0,0.0,0.0
cyclic_fast_d20,streaming,SPSA-m1,30,0.4782374123842383,0.15240307140784407,0.47078222161441013,0.3891027901778629,0.5706441363131602,0.42568884532421936,0.5297981621202953,0.7026240927545364,0.026712106457817495,0.70177609621863,0.6845616631228146,0.7199661497832455,0.6934140712061366,0.7115184878085895,0.6953922732091466,0.05307104206684526,0.6882331413973173,0.6643756882066114,0.7197232173199307,0.6774155222900282,0.7135693975220341,,,,,,,,0.17987980851918822,0.002321057035221513,0.18012868550092168,0.17803803192763504,0.18167959561586491,0.17909918875369377,0.18068925661491947,5000.0,0.0,5000.0,5000.0,5000.0,5000.0,5000.0,44.2265263072707,4.073181803078324,43.96985333658291,40.753915490996356,47.32433523056627,42.78137377897979,45.65571644041403,0.0,0.0,0.0,0.0,0.0,0.0,0.0
cyclic_slow_d20,frozen,CoordinateCentral,30,0.16177720863468037,0.00063055236015321,0.16177529908037447,0.1613644601607486,0.16232300915316636,0.16155160385263292,0.16199713630431672,0.14448125049803523,0.00021227703457572144,0.14453556974887055,0.1443254695372146,0.14464654272197014,0.14440270516020148,0.14455283328764376,0.12838065145653804,0.00036610612310162324,0.1284494444422227,0.1281006081859216,0.128670015396543,0.1282519380803206,0.128510090119154,1550.0,0.0,1550.0,1550.0,1550.0,1550.0,1550.0,0.993977166748207,0.00017475691725518517,0.9939768100368847,0.9938363709147019,0.9941101310052971,0.9939158295598626,0.9940393499208061,250.0,0.0,250.0,250.0,250.0,250.0,250.0,3.0152303907908427,0.0064286746059852296,3.0147160303009293,3.0115908906832036,3.019712603242366,3.01305021433586,3.017449947517115,0.0,0.0,0.0,0.0,0.0,0.0,0.0
cyclic_slow_d20,frozen,FirstOrderReference,30,0.00034445200513631756,1.102736885563223e-19,0.00034445200513631767,0.00034445200513631767,0.00034445200513631767,0.00034445200513631756,0.00034445200513631756,0.0026749869099958776,8.821895084505784e-19,0.0026749869099958784,0.0026749869099958784,0.0026749869099958784,0.0026749869099958776,0.0026749869099958776,0.00014229618563564155,2.7568422139080575e-20,0.00014229618563564158,0.00014229618563564158,0.00014229618563564158,0.00014229618563564155,0.00014229618563564155,50.0,0.0,50.0,50.0,50.0,50.0,50.0,0.9988133147839473,2.2584051416334807e-16,0.9988133147839471,0.9988133147839471,0.9988133147839471,0.9988133147839473,0.9988133147839473,10000.0,0.0,10000.0,10000.0,10000.0,10000.0,10000.0,3.0139374681374407,4.516810283266961e-16,3.0139374681374402,3.0139374681374402,3.0139374681374402,3.0139374681374407,3.0139374681374407,0.0,0.0,0.0,0.0,0.0,0.0,0.0
cyclic_slow_d20,frozen,Gaussian-m1,30,0.00845056131792471,0.002809336358013003,0.00793956836961077,0.006462692981499433,0.01001874446020168,0.007501641009019823,0.009409424742979035,0.009384139745257898,0.001210431638339226,0.009279975358759882,0.00867343256045849,0.009875749644277832,0.00896863472803946,0.009822841625081449,0.0036383792374134727,0.00045308759738164943,0.0036910757189324,0.003287587329186775,0.003963519639058126,0.003480997277965374,0.003810854841925777,280.0,74.97125886079554,250.0,250.0,300.0,255.0,306.6666666666667,0.17736762045845963,0.0015177546005622612,0.1776661006129719,0.17683064013267696,0.1783148831187109,0.1768375802199136,0.17787571618002876,5000.0,0.0,5000.0,5000.0,5000.0,5000.0,5000.0,24.118454234953674,5.863840907265471,22.18752800732268,20.12891121291812,28.213410885244805,22.123496914209763,26.34186018730788,0.0,0.0,0.0,0.0,0.0,0.0,0.0
cyclic_slow_d20,frozen,Gaussian-m20,30,0.027269263523669804,0.007585540245250437,0.026710663924260587,0.0230626579419018,0.0337379940208304,0.024580331261294067,0.029960857948183497,0.02326318388890638,0.001745332862662656,0.022938680882442167,0.022294003844582397,0.02423834126172994,0.02264477312844662,0.023920219731431148,0.013212480222128299,0.0015295845132813216,0.01281046745126906,0.01235670415121522,0.01388074306530106,0.012672287530620517,0.013742074590803831,878.3333333333334,175.02873327332392,1000.0,800.0,1000.0,813.2916666666667,933.3749999999998,0.7001168438290685,0.004513089811111476,0.6992943681000903,0.6973790783687808,0.702741925798332,0.6985863296457031,0.7017360884765104,250.0,0.0,250.0,250.0,250.0,250.0,250.0,3.9870047437755716,0.8051132145668743,3.8223018218596603,3.4972296845055855,4.462090417938224,3.709428193899506,4.267547189916529,0.0,0.0,0.0,0.0,0.0,0.0,0.0
cyclic_slow_d20,frozen,Gaussian-m5,30,0.010885806751217796,0.004426035407205073,0.010184709546028247,0.008037250854083721,0.013730073639319693,0.009345512874248188,0.012487753545393145,0.012001466303751093,0.0018890453893180652,0.01173542078215445,0.010770886534666244,0.013309447176331535,0.011365156468589136,0.012675514857721124,0.004193986387172383,0.0007494908853424116,0.003996373495506209,0.00372374942411373,0.004521996865658501,0.003945204428669453,0.0044755778004892865,386.6666666666667,113.6641554311871,350.0,300.0,437.5,348.3333333333333,425.0,0.44073329038386816,0.0037639909433954733,0.44081611887067085,0.43941258601689515,0.4428615321334899,0.43941983705585563,0.44211096163032426,1000.0,0.0,1000.0,1000.0,1000.0,1000.0,1000.0,7.864910459212277,1.5909060776890258,8.004801295875387,6.56830228221726,9.334724028232616,7.277469013987762,8.429309441278205,0.0,0.0,0.0,0.0,0.0,0.0,0.0
cyclic_slow_d20,frozen,SPSA-m1,30,0.00884270958375404,0.0033862147143451215,0.008321193805895164,0.0067022172035377395,0.01072920914164733,0.00771522387563141,0.010078404657891636,0.009286639602160992,0.0011501240605712964,0.0093013075003304,0.008419839401546104,0.009847833925892542,0.008901021106552026,0.009709082794299382,0.0034532815025793604,0.000476301339964019,0.003403769715004637,0.0031725009995523324,0.003774827104682703,0.003283436205575685,0.0036190200182120436,275.0,66.63073744461931,250.0,250.0,300.0,253.33333333333334,298.3333333333333,0.17950511020570908,0.0019332457823501908,0.17951877880330303,0.17787142113245255,0.1810509107768165,0.17879632574680912,0.1802081922202584,5000.0,0.0,5000.0,5000.0,5000.0,5000.0,5000.0,25.031459186945014,6.344074029462145,23.967196950278353,20.5131669402678,29.49406542735656,22.778678300420165,27.294186700536887,0.0,0.0,0.0,0.0,0.0,0.0,0.0
cyclic_slow_d20,streaming,CoordinateCentral,30,0.14500821736654573,0.0005962753775244035,0.14501659996095728,0.14463174427529596,0.14551998765515015,0.14479362593133996,0.14520950606146774,0.1356815225663683,0.0002094657661837043,0.1357298665480362,0.13552587493354645,0.1358470889260437,0.13559993211855154,0.13575316609020854,0.12174518854482376,0.0003642455256985366,0.12181655599262647,0.12147806440254261,0.12203842913658859,0.12161052467507559,0.12186447690977278,1550.0,0.0,1550.0,1550.0,1550.0,1550.0,1550.0,0.9952294351533553,0.0001393490712982649,0.995240577542106,0.995175546823284,0.9952960539243729,0.9951792057073588,0.9952753495504235,250.0,0.0,250.0,250.0,250.0,250.0,250.0,3.0145789246999586,0.006415952527572345,3.014060462907879,3.010956393353796,3.019051587693121,3.012301485247857,3.0168218455253037,0.0,0.0,0.0,0.0,0.0,0.0,0.0
cyclic_slow_d20,streaming,FirstOrderReference,30,0.00034445200513631756,1.102736885563223e-19,0.00034445200513631767,0.00034445200513631767,0.00034445200513631767,0.00034445200513631756,0.00034445200513631756,0.0026749869099958776,8.821895084505784e-19,0.0026749869099958784,0.0026749869099958784,0.0026749869099958784,0.0026749869099958776,0.0026749869099958776,0.00014229618563564155,2.7568422139080575e-20,0.00014229618563564158,0.00014229618563564158,0.00014229618563564158,0.00014229618563564155,0.00014229618563564155,50.0,0.0,50.0,50.0,50.0,50.0,50.0,0.9988133147839473,2.2584051416334807e-16,0.9988133147839471,0.9988133147839471,0.9988133147839471,0.9988133147839473,0.9988133147839473,10000.0,0.0,10000.0,10000.0,10000.0,10000.0,10000.0,3.0139374681374407,4.516810283266961e-16,3.0139374681374402,3.0139374681374402,3.0139374681374402,3.0139374681374407,3.0139374681374407,0.0,0.0,0.0,0.0,0.0,0.0,0.0
cyclic_slow_d20,streaming,Gaussian-m1,30,0.008367600766459963,0.002791412366474753,0.00783999542596275,0.006387664541982286,0.00987143447377423,0.007388718635318206,0.009376083127910115,0.00934581107055329,0.0012107561933257418,0.009238368980753132,0.008637273712254248,0.009833939081182495,0.008942189249547853,0.009797311192082948,0.0036060591018417646,0.0004499138319362456,0.0036582449627553773,0.0032542664480713565,0.003927413733382887,0.003448150968999871,0.0037670370438801512,280.0,74.97125886079554,250.0,250.0,300.0,255.0,306.6666666666667,0.17740958841626828,0.0015088685606935311,0.17774038287499183,0.17684515933346112,0.17831725688025477,0.1768849592203892,0.17792629866947066,5000.0,0.0,5000.0,5000.0,5000.0,5000.0,5000.0,24.111189622523476,5.866299575909968,22.187055282303284,20.122470783973593,28.249015478485134,22.114593677111152,26.235310934178884,0.0,0.0,0.0,0.0,0.0,0.0,0.0
cyclic_slow_d20,streaming,Gaussian-m20,30,0.02208226003135195,0.007122869147186523,0.02190429308119174,0.01666714941137523,0.028591572030041083,0.019538012517199423,0.02469916590989086,0.020277305577271146,0.0016906826840710437,0.0202116856318421,0.019180724847830392,0.02122788763453192,0.019690710470912306,0.0208714578139227,0.010751062581498317,0.0013679989299618814,0.010442264156410466,0.010003672120561684,0.011387394058157925,0.01026560463675772,0.011244070124095907,693.3333333333334,223.11792665629156,725.0,450.0,875.0,618.3333333333334,771.6666666666666,0.7124196299611689,0.004538189149083635,0.7121482993077652,0.709124224838005,0.7146212546014434,0.710869721135815,0.7140714671965457,250.0,0.0,250.0,250.0,250.0,250.0,250.0,3.9823745684447136,0.8015609055161002,3.8272597635363073,3.5110406584482465,4.468520603880278,3.705961116722732,4.260264236233789,0.0,0.0,0.0,0.0,0.0,0.0,0.0
cyclic_slow_d20,streaming,Gaussian-m5,30,0.010258991924809462,0.0042788477294398875,0.009433469341323018,0.007425090308660853,0.01302690711414694,0.008810951216782433,0.01186496647967857,0.011687703702760557,0.0018886007845772266,0.011428479308677946,0.01044288388875024,0.012979961143489743,0.011019420503968796,0.012334839766415258,0.003929809015870015,0.0007222062991085243,0.0037143409501747635,0.0034922283239959655,0.00418578137505453,0.0036944992758914203,0.00419832193496472,373.3333333333333,97.14309861845773,350.0,300.0,400.0,340.0,410.0,0.44300671989560314,0.0037723291657497,0.4429102284718611,0.4415976579683094,0.4450759259634314,0.4416545219760404,0.4443547262957709,1000.0,0.0,1000.0,1000.0,1000.0,1000.0,1000.0,7.861448160569204,1.590819662085613,8.002736857482796,6.578387185564367,9.331266327237682,7.302273311631783,8.426993727192459,0.0,0.0,0.0,0.0,0.0,0.0,0.0
cyclic_slow_d20,streaming,SPSA-m1,30,0.008761895460839117,0.0033696672713923992,0.008233502963694083,0.0066535916062365145,0.010640303160271383,0.0076480894263512835,0.010004981980751436,0.009248664453492459,0.001150990003638299,0.009262432118654872,0.00837896162842109,0.009812272710192839,0.008855868110712019,0.009663181355442585,0.003421100185214403,0.0004741195803793719,0.0033715592512922454,0.0031433584408534416,0.0037378416884269986,0.0032572972379411617,0.003589210916782171,275.0,66.63073744461931,250.0,250.0,300.0,253.33333333333334,300.0,0.17954198107377367,0.001928486908998702,0.17957981010394192,0.1779351404602911,0.18109507175764314,0.17884918677580489,0.18021640818383103,5000.0,0.0,5000.0,5000.0,5000.0,5000.0,5000.0,25.031000525483798,6.342173245609951,23.98235972814005,20.52045433341965,29.507841118322226,22.90346876276438,27.245551755214624,0.0,0.0,0.0,0.0,0.0,0.0,0.0
linear_fast_d20,frozen,CoordinateCentral,30,0.3494892551994625,0.0012178247606700566,0.3493223727769546,0.348976382440223,0.3500939659732061,0.34904986123293613,0.34990733777493227,0.3243176620058296,0.0004094746356938944,0.3242445895923287,0.3241082219992043,0.3245746255397428,0.3241710536275568,0.32445799715946644,0.36453747293693806,0.0009051528417751104,0.36447994925626465,0.3640237572437236,0.365190348539257,0.36420898572618016,0.36485218580921736,,,,,,,,0.9982168875551208,2.5055539810596447e-05,0.9982174488874642,0.9982024771688673,0.9982309072953974,0.9982082794900478,0.9982260362175239,250.0,0.0,250.0,250.0,250.0,250.0,250.0,3.013701263744559,0.008210102809305397,3.0146155718106575,3.0073703633268285,3.017258919852183,3.010854937561045,3.016535923548672,0.0,0.0,0.0,0.0,0.0,0.0,0.0
linear_fast_d20,frozen,FirstOrderReference,30,0.00021843906509217868,8.270526641724173e-20,0.0002184390650921786,0.0002184390650921786,0.0002184390650921786,0.00021843906509217868,0.00021843906509217868,0.0027229093624624324,8.821895084505784e-19,0.0027229093624624333,0.0027229093624624333,0.0027229093624624333,0.0027229093624624324,0.0027229093624624324,0.00021843906509219434,5.513684427816115e-20,0.0002184390650921943,0.0002184390650921943,0.0002184390650921943,0.00021843906509219434,0.00021843906509219434,50.0,0.0,50.0,50.0,50.0,50.0,50.0,0.9988340218283936,0.0,0.9988340218283936,0.9988340218283936,0.9988340218283936,0.9988340218283936,0.9988340218283936,10000.0,0.0,10000.0,10000.0,10000.0,10000.0,10000.0,3.0139374681374407,4.516810283266961e-16,3.0139374681374402,3.0139374681374402,3.0139374681374402,3.0139374681374407,3.0139374681374407,0.0,0.0,0.0,0.0,0.0,0.0,0.0
linear_fast_d20,frozen,Gaussian-m1,30,0.005390419793255185,0.0017318654875331588,0.005318335627231264,0.004078689899912316,0.006486614676989303,0.004805582289200959,0.006012160685458641,0.010542051525368901,0.0011732058554287123,0.010561508339832843,0.009449778809012883,0.011396579651322849,0.010123151131589615,0.010943798397238143,0.005494787122998839,0.0005559549506436977,0.005504177006939178,0.0052030428035604575,0.0057813716521690015,0.005296177067132076,0.005686072996133999,248.33333333333334,46.39287499794244,250.0,200.0,287.5,231.66666666666666,265.0,0.18057425825987414,0.0016990595332508492,0.18039711811083717,0.1796570460217227,0.18147075418953215,0.1800052117267899,0.18115649565118572,5000.0,0.0,5000.0,5000.0,5000.0,5000.0,5000.0,24.81977994358742,4.929666966322187,24.228178825570232,21.622495221917283,27.823503416667158,23.08380276093386,26.652435071770956,0.0,0.0,0.0,0.0,0.0,0.0,0.0
linear_fast_d20,frozen,Gaussian-m20,30,0.01770814536002061,0.005027550824299592,0.01671369957539702,0.013762383656899564,0.021147964021724648,0.015941310585173143,0.019520407071057292,0.028915520740575924,0.002384839345976841,0.028780598129891012,0.027169469779175424,0.030069190823918245,0.028120916780668366,0.02978562672553603,0.02177915094444648,0.0021511203420679407,0.021678711782836972,0.02017513668766609,0.02306142761031097,0.02103564067732052,0.0225342346820391,2269.6428571428573,2105.431216750053,1000.0,400.0,4100.0,1524.955357142857,3035.714285714286,0.702226739315686,0.00420689291748389,0.7018109445482323,0.6998550462192255,0.705445628586485,0.7007889667893703,0.7036126703663653,250.0,0.0,250.0,250.0,250.0,250.0,250.0,4.172874171865607,0.959736142465983,4.08504039186138,3.641551017322338,4.486652019738026,3.846837569503861,4.524375629398308,0.0,0.0,0.0,0.0,0.0,0.0,0.0
linear_fast_d20,frozen,Gaussian-m5,30,0.005863324407620222,0.0022619414627919176,0.0055339102760447005,0.0040647836543357034,0.007213480786937599,0.0050905362911489995,0.0066821332229436295,0.013583510866992114,0.001366557642923837,0.013443631308988676,0.012761806210846164,0.014336985883533908,0.013123219243099222,0.014098167277941437,0.006290198615978271,0.0006537294954538532,0.006215313282670028,0.005890477604922356,0.006839340943700427,0.006076387938792749,0.006529042664981017,373.3333333333333,89.76341829703131,350.0,300.0,437.5,345.0,406.6666666666667,0.44341887455409396,0.0035435105645314972,0.44319067241974086,0.4403958621878448,0.44559358114862313,0.44222309190473863,0.4446729048961508,1000.0,0.0,1000.0,1000.0,1000.0,1000.0,1000.0,7.627371701090226,1.686558386763103,7.517879249654577,6.209736210458447,8.564121737517619,7.077347518185107,8.26375288322148,0.0,0.0,0.0,0.0,0.0,0.0,0.0
linear_fast_d20,frozen,SPSA-m1,30,0.0057928609624846835,0.0036749281379919382,0.004915760833118869,0.0033781507974067174,0.007056918770574314,0.004627839063252731,0.007217242760143787,0.01065019328910768,0.000970699048427653,0.010471439103167812,0.009904478177997061,0.011485682321187435,0.010303162654541644,0.010985606876723907,0.0055322181342201794,0.0008390501162998317,0.00553859125621191,0.004850816754035145,0.005926604023499054,0.005251976818825075,0.005846382961154934,271.6666666666667,56.75618352053009,250.0,250.0,300.0,251.66666666666666,293.3333333333333,0.18052362231408478,0.0018822347778376172,0.18033790212663983,0.17906378534916598,0.18223240475860378,0.17984384730578318,0.18122116081943837,5000.0,0.0,5000.0,5000.0,5000.0,5000.0,5000.0,24.32410737940846,3.7525520018484024,23.624392226079205,21.24246762216633,27.286696510939272,23.14497423407416,25.67486888558653,0.0,0.0,0.0,0.0,0.0,0.0,0.0
linear_fast_d20,streaming,CoordinateCentral,30,0.31776200365266266,0.001161939183732896,0.31759701014451563,0.317282402403818,0.3183329525190332,0.31734903743263615,0.3181472534009314,0.29660146635215145,0.00038827516202293537,0.29652974544809707,0.2963976051887417,0.2968358271561362,0.29646263580143534,0.2967354797985935,0.33206521596264876,0.0008610160559471669,0.33199650310415474,0.3315728562272551,0.332697713747905,0.3317489209133699,0.3323626812946398,,,,,,,,0.9981825191686069,2.6972511145456645e-05,0.9981860216117158,0.998167388601451,0.9981968402871582,0.9981733122593293,0.9981918692464973,250.0,0.0,250.0,250.0,250.0,250.0,250.0,3.0130021627264743,0.008268652969407793,3.0138974341541003,3.0067269639510954,3.016642249589319,3.0102923048303696,3.015763286787276,0.0,0.0,0.0,0.0,0.0,0.0,0.0
linear_fast_d20,streaming,FirstOrderReference,30,0.00021843906509217868,8.270526641724173e-20,0.0002184390650921786,0.0002184390650921786,0.0002184390650921786,0.00021843906509217868,0.00021843906509217868,0.0027229093624624324,8.821895084505784e-19,0.0027229093624624333,0.0027229093624624333,0.0027229093624624333,0.0027229093624624324,0.0027229093624624324,0.00021843906509219434,5.513684427816115e-20,0.0002184390650921943,0.0002184390650921943,0.0002184390650921943,0.00021843906509219434,0.00021843906509219434,50.0,0.0,50.0,50.0,50.0,50.0,50.0,0.9988340218283936,0.0,0.9988340218283936,0.9988340218283936,0.9988340218283936,0.9988340218283936,0.9988340218283936,10000.0,0.0,10000.0,10000.0,10000.0,10000.0,10000.0,3.0139374681374407,4.516810283266961e-16,3.0139374681374402,3.0139374681374402,3.0139374681374402,3.0139374681374407,3.0139374681374407,0.0,0.0,0.0,0.0,0.0,0.0,0.0
linear_fast_d20,streaming,Gaussian-m1,30,0.0053397736092747365,0.0017267441482799587,0.00528084127286236,0.004039563830965747,0.006398664509552112,0.004735099860989918,0.005996172874765055,0.010493076489445204,0.0011727681472197785,0.01051322328904583,0.009403378323718839,0.011346855161991704,0.010076620038288913,0.010926471481823638,0.005444378661168471,0.0005525627078310281,0.005449722866128565,0.005156890691414402,0.005732159231944959,0.005244855362554745,0.005634346031212484,248.33333333333334,46.39287499794244,250.0,200.0,287.5,233.33333333333334,265.0,0.1806076964106417,0.0016987545773594645,0.18040916526410392,0.1797346931732171,0.1814719631701189,0.1799869298204506,0.1811991147491029,5000.0,0.0,5000.0,5000.0,5000.0,5000.0,5000.0,24.820328634003317,4.934973022318006,24.20692499439979,21.631792158088047,27.8335090244193,23.10526411843336,26.6762068869458,0.0,0.0,0.0,0.0,0.0,0.0,0.0
linear_fast_d20,streaming,Gaussian-m20,30,0.014208043283564694,0.004291182992538591,0.013275442925186492,0.01126704402655391,0.016715670295006077,0.012718739646197786,0.01563173804964116,0.024955556577475606,0.0022951685629886112,0.024875051718427625,0.02343250465551586,0.02615191590856132,0.024179822105414115,0.025820639232488764,0.01769069878484759,0.0019205211280405052,0.01778891963887609,0.016410671953701543,0.018923985097393174,0.0170493467744661,0.018393916774988334,745.0,564.6710974327109,425.0,400.0,1000.0,560.0,956.6666666666666,0.715001446169334,0.004177938631254711,0.7143564828099856,0.7128215512141991,0.7180262619322091,0.713538064981491,0.7163827414269398,250.0,0.0,250.0,250.0,250.0,250.0,250.0,4.159953937734119,0.9513992652994956,4.094066230925101,3.631606486842684,4.476328331165977,3.8479805485032808,4.535788262692556,0.0,0.0,0.0,0.0,0.0,0.0,0.0
linear_fast_d20,streaming,Gaussian-m5,30,0.005576919962893609,0.0021699270656477037,0.005320157787626599,0.003814420951228114,0.006867788012208531,0.004842659258012391,0.006394437102848431,0.013178215101401857,0.0013755796959874472,0.013028006896611113,0.012305110813761453,0.013937595041302578,0.012683236395512328,0.01367431718230881,0.005915750409528948,0.0006371291141562824,0.0058388123815431205,0.005536315882306788,0.006408192708641535,0.00569684847696744,0.006149881296692183,371.6666666666667,88.74929172454952,350.0,300.0,437.5,341.6666666666667,403.3333333333333,0.44572512564663913,0.003541544384907652,0.4455903770835097,0.44262529887419616,0.4475258541275835,0.4445270995247068,0.44694798537550157,1000.0,0.0,1000.0,1000.0,1000.0,1000.0,1000.0,7.621432911727088,1.6867005740959282,7.509008162419375,6.192761373982713,8.567711804467082,7.036774605201761,8.216481964976404,0.0,0.0,0.0,0.0,0.0,0.0,0.0
linear_fast_d20,streaming,SPSA-m1,30,0.005739644288320576,0.0036544624021940288,0.004861958490191316,0.0033201087203639425,0.006998033608322622,0.004600038398509074,0.0071785246182524895,0.010600700873956648,0.0009710476578286529,0.010424386415788977,0.009852481704677033,0.011436400263140772,0.010258155769647904,0.010948824016373,0.005480440009223649,0.0008342697364798684,0.005487585818559102,0.004801338477528569,0.0058762023446578835,0.005200774597332331,0.0057940594181965024,271.6666666666667,56.75618352053009,250.0,250.0,300.0,251.66666666666666,293.3333333333333,0.18056469555021235,0.0018785500683232475,0.1803479604989071,0.1791080194109375,0.1822582663777319,0.17988515206380212,0.1812236229717459,5000.0,0.0,5000.0,5000.0,5000.0,5000.0,5000.0,24.317391252504642,3.751953304578767,23.612280102793783,21.233789834312326,27.283988693897626,23.02238395370624,25.720584445035,0.0,0.0,0.0,0.0,0.0,0.0,0.0
linear_slow_d20,frozen,CoordinateCentral,30,0.000877770721057478,5.512189816247182e-05,0.0008813068588537585,0.000852207799952951,0.0009103863829298758,0.0008577168766171528,0.0008967372406576765,0.02144613036384899,3.470043708451019e-05,0.021441822187895775,0.021419500444427617,0.021472912811434184,0.021433968284390155,0.021457824423723893,0.00091707630669715,3.7522127809393424e-05,0.0009157410350853232,0.0008965991111293008,0.0009332468799151879,0.0009048098192056851,0.0009305361940054351,1200.0,0.0,1200.0,1200.0,1200.0,1200.0,1200.0,0.8671259147100246,0.0028039857260707362,0.8673117527865046,0.8657194126249039,0.8687857065631546,0.8661184462753757,0.868107400608225,250.0,0.0,250.0,250.0,250.0,250.0,250.0,3.012367937351922,0.007208438601998156,3.011783404409414,3.0064336264650287,3.018261703951274,3.0097605163035115,3.014909438652492,0.0,0.0,0.0,0.0,0.0,0.0,0.0
linear_slow_d20,frozen,FirstOrderReference,30,5.460976627306695e-07,1.076891489807835e-22,5.460976627306694e-07,5.460976627306694e-07,5.460976627306694e-07,5.460976627306695e-07,5.460976627306695e-07,0.0025109722926573977,0.0,0.0025109722926573977,0.0025109722926573977,0.0025109722926573977,0.0025109722926573977,0.0025109722926573977,5.460976627306597e-07,0.0,5.460976627306597e-07,5.460976627306597e-07,5.460976627306597e-07,5.460976627306597e-07,5.460976627306597e-07,50.0,0.0,50.0,50.0,50.0,50.0,50.0,0.9988416761972088,1.1292025708167404e-16,0.9988416761972086,0.9988416761972086,0.9988416761972086,0.9988416761972088,0.9988416761972088,10000.0,0.0,10000.0,10000.0,10000.0,10000.0,10000.0,3.0139374681374407,4.516810283266961e-16,3.0139374681374402,3.0139374681374402,3.0139374681374402,3.0139374681374407,3.0139374681374407,0.0,0.0,0.0,0.0,0.0,0.0,0.0
linear_slow_d20,frozen,Gaussian-m1,30,3.286262694430048e-05,1.0405702707545237e-05,3.178142810256804e-05,2.4072137064679464e-05,4.4245796678787374e-05,2.920662984114523e-05,3.647471745470098e-05,0.005406784941964543,0.0011187771245722794,0.005390626781467841,0.004736143187693373,0.0057080817093491274,0.0050250519609823735,0.005808242422826601,3.693099564233434e-05,4.7052642131532284e-06,3.621392782295833e-05,3.326991020692724e-05,3.953102209788391e-05,3.5324843286525925e-05,3.8619191360027526e-05,245.0,49.740706981651186,250.0,200.0,287.5,228.29166666666669,263.3333333333333,0.14878570476087696,0.001988948309970237,0.1486729834679142,0.14783173237421854,0.14950835324784106,0.14812795769417691,0.14949982174793114,5000.0,0.0,5000.0,5000.0,5000.0,5000.0,5000.0,24.31401271834808,4.572554263862977,23.211176514765143,21.24729409219088,25.828177428004864,22.7564137240063,25.96185012612273,0.0,0.0,0.0,0.0,0.0,0.0,0.0
linear_slow_d20,frozen,Gaussian-m20,30,5.1947754713844536e-05,2.031639803543914e-05,5.0514739396816626e-05,3.683698060533273e-05,6.300051052948625e-05,4.514702532666944e-05,5.9305026902717984e-05,0.009263093377849892,0.001894288497785184,0.009256080309827702,0.008126391972189494,0.010581234678391824,0.008587566864428083,0.009962535061089706,6.45922570438257e-05,6.633888930639825e-06,6.357286664871516e-05,5.8480694507983806e-05,7.082126091676174e-05,6.231182739052639e-05,6.699421569866722e-05,385.0,58.94181818568615,400.0,362.5,400.0,365.0,405.0,0.638662906925741,0.004189901627257275,0.6378782170915136,0.6357792749099904,0.6414644354476672,0.63724456131123,0.6401495473199005,250.0,0.0,250.0,250.0,250.0,250.0,250.0,4.158914181892953,0.9117808666805811,4.009140001126906,3.4935500863303455,4.80324580763314,3.824140206094859,4.486435082560966,0.0,0.0,0.0,0.0,0.0,0.0,0.0
linear_slow_d20,frozen,Gaussian-m5,30,4.607093459990373e-05,1.6509352702766404e-05,4.5340685059839154e-05,3.392520952296309e-05,5.4848461195471476e-05,4.038605214457517e-05,5.19481397016742e-05,0.00741945563952201,0.00199141840440195,0.007437247549709254,0.005741038421707107,0.00863222270739813,0.00676136495376466,0.008175267391666317,5.1967951069651953e-05,6.743676166385521e-06,5.1204296439364585e-05,4.6247208596852214e-05,5.689443274719054e-05,4.962554913284204e-05,5.4286345934435694e-05,321.6666666666667,48.571549309228864,300.0,300.0,350.0,306.6666666666667,340.0,0.393571088167127,0.004638307157512524,0.3938987845572069,0.3913208664591819,0.3964349761325978,0.39185278198046913,0.3950673632232187,1000.0,0.0,1000.0,1000.0,1000.0,1000.0,1000.0,8.025088683289495,1.952656665242281,8.239560841926187,6.796791917706214,8.73943183385249,7.404715528107352,8.778414403106371,0.0,0.0,0.0,0.0,0.0,0.0,0.0
linear_slow_d20,frozen,SPSA-m1,30,2.427357986341646e-05,7.874650204423065e-06,2.3579790124687434e-05,1.84167571875801e-05,2.8461536577933958e-05,2.1612050543639724e-05,2.7092547064901505e-05,0.005442602292911557,0.001242359841952096,0.005333848239187899,0.004384666309596609,0.0061751178399752395,0.005023757753143901,0.0058911231331686565,2.3625613815239425e-05,1.876065875331664e-06,2.395868514058059e-05,2.201339537256052e-05,2.491543184558106e-05,2.2967323699325315e-05,2.4312515940785728e-05,246.66666666666666,45.359356965986805,250.0,200.0,300.0,230.0,261.6666666666667,0.15447246051381847,0.0015552894723053138,0.15474125729156268,0.15362316698985043,0.15541178046832466,0.15391145801694797,0.15499828062801593,5000.0,0.0,5000.0,5000.0,5000.0,5000.0,5000.0,24.000664473546415,4.4795016989045005,23.011908580110436,20.781961333243885,26.885617188897378,22.46917628822259,25.678975738329704,0.0,0.0,0.0,0.0,0.0,0.0,0.0
linear_slow_d20,streaming,CoordinateCentral,30,0.0008220928352073132,5.305472098140182e-05,0.0008256419695624887,0.0007997436869423962,0.0008522828315554299,0.0008039024067801933,0.00084063729130069,0.021406108104748474,3.4355624176362233e-05,0.02140195151331153,0.02138042525174061,0.021432089822425206,0.021394792320862877,0.02141851757851215,0.0008599155851924861,3.648622674831658e-05,0.0008598979995492959,0.0008396433891305179,0.0008760400264753887,0.0008474718409502044,0.0008725209558562755,1200.0,0.0,1200.0,1200.0,1200.0,1200.0,1200.0,0.8672864352582065,0.002853616992974155,0.8675030693501373,0.865869714079851,0.8687445285814811,0.8662432784324117,0.8682587264358254,250.0,0.0,250.0,250.0,250.0,250.0,250.0,3.01230717090053,0.007208229888297204,3.01171841726855,3.006372617329915,3.0182056047229406,3.0097714945622833,3.014702980801039,0.0,0.0,0.0,0.0,0.0,0.0,0.0
linear_slow_d20,streaming,FirstOrderReference,30,5.460976627306695e-07,1.076891489807835e-22,5.460976627306694e-07,5.460976627306694e-07,5.460976627306694e-07,5.460976627306695e-07,5.460976627306695e-07,0.0025109722926573977,0.0,0.0025109722926573977,0.0025109722926573977,0.0025109722926573977,0.0025109722926573977,0.0025109722926573977,5.460976627306597e-07,0.0,5.460976627306597e-07,5.460976627306597e-07,5.460976627306597e-07,5.460976627306597e-07,5.460976627306597e-07,50.0,0.0,50.0,50.0,50.0,50.0,50.0,0.9988416761972088,1.1292025708167404e-16,0.9988416761972086,0.9988416761972086,0.9988416761972086,0.9988416761972088,0.9988416761972088,10000.0,0.0,10000.0,10000.0,10000.0,10000.0,10000.0,3.0139374681374407,4.516810283266961e-16,3.0139374681374402,3.0139374681374402,3.0139374681374402,3.0139374681374407,3.0139374681374407,0.0,0.0,0.0,0.0,0.0,0.0,0.0
linear_slow_d20,streaming,Gaussian-m1,30,3.2738727739688414e-05,1.0375678655891682e-05,3.1664298912346786e-05,2.3962522829040632e-05,4.411030849845445e-05,2.927559252265229e-05,3.663883196729876e-05,0.005406641853069843,0.0011187820678728788,0.005390551340965414,0.004736060466319508,0.005707960520485326,0.0050243071365151945,0.0058278080886999175,3.6799940011430644e-05,4.690808458178817e-06,3.6085770494714245e-05,3.315013439697602e-05,3.938127137746271e-05,3.521388760216717e-05,3.841201373661654e-05,245.0,49.740706981651186,250.0,200.0,287.5,228.33333333333334,261.70833333333314,0.1488022677899485,0.001989874984427654,0.14868129800510832,0.14785067835250235,0.1495205650083236,0.14810051682250763,0.14954179076078525,5000.0,0.0,5000.0,5000.0,5000.0,5000.0,5000.0,24.313799129809606,4.5725782469419105,23.21046206263349,21.246513222230586,25.82687262366204,22.765276730215945,25.96786395180568,0.0,0.0,0.0,0.0,0.0,0.0,0.0
linear_slow_d20,streaming,Gaussian-m20,30,4.4272563839120425e-05,1.8738163898334848e-05,4.310425801092771e-05,3.0379862715590727e-05,5.5181337133319395e-05,3.7953155827363356e-05,5.0661940199664144e-05,0.009254693900179843,0.0018931078690256255,0.009248184744934673,0.008118302497754875,0.010576216691816534,0.008605638680085171,0.009898243369012724,5.462851870906887e-05,6.0103271889255874e-06,5.34523495660024e-05,5.00684671254335e-05,5.9596557479970264e-05,5.251454837389158e-05,5.685941746270076e-05,385.0,58.94181818568615,400.0,362.5,400.0,364.9583333333333,405.0,0.6515388254766048,0.004544905860430213,0.6507584156729047,0.6480676849621537,0.6551134925444249,0.6499533535175308,0.6532038318786053,250.0,0.0,250.0,250.0,250.0,250.0,250.0,4.15788617480205,0.9117482784853728,4.00713782079687,3.492723149744145,4.800554797020836,3.840347646808475,4.504210702324366,0.0,0.0,0.0,0.0,0.0,0.0,0.0
linear_slow_d20,streaming,Gaussian-m5,30,4.5532430785049536e-05,1.6277107994603616e-05,4.424591904529418e-05,3.4515553685590734e-05,5.457700812800853e-05,3.9968837062249736e-05,5.1428106012017405e-05,0.007418474289126965,0.001991007475446171,0.007436963614686494,0.005739997360784172,0.00863156163927762,0.006711840694790784,0.008177444515187577,5.088977674352526e-05,6.678242230068235e-06,5.014247625113089e-05,4.485510225712646e-05,5.60908771093258e-05,4.8633255347105175e-05,5.3257299217698634e-05,321.6666666666667,48.571549309228864,300.0,300.0,350.0,305.0,340.0,0.39439583559517843,0.004754179634503326,0.3947465717103587,0.3921677864851982,0.39727879478451594,0.39267680985517756,0.39603998729886064,1000.0,0.0,1000.0,1000.0,1000.0,1000.0,1000.0,8.024858441295482,1.952894724847523,8.239382500866048,6.7953427331653415,8.738504531598739,7.341114307881647,8.734401882650424,0.0,0.0,0.0,0.0,0.0,0.0,0.0
linear_slow_d20,streaming,SPSA-m1,30,2.4141391471304654e-05,7.84180629027273e-06,2.3453089349386126e-05,1.8283305174826345e-05,2.8294788801439152e-05,2.143951665100404e-05,2.7144483438201712e-05,0.0054425229282999005,0.0012424067505930453,0.0053337706268824035,0.00438452189767375,0.006175173903227825,0.005007083485227461,0.005886118295684783,2.3502227286700125e-05,1.8679871335468165e-06,2.38317525100308e-05,2.1897498244881795e-05,2.478794548445334e-05,2.2844305824165342e-05,2.4185211900822308e-05,246.66666666666666,45.359356965986805,250.0,200.0,300.0,231.66666666666666,261.6666666666667,0.15449484751203293,0.0015574906215300463,0.1547676984523883,0.1536344388097616,0.15542344577468398,0.15391586885075062,0.15503007082808767,5000.0,0.0,5000.0,5000.0,5000.0,5000.0,5000.0,24.000525976983788,4.4794639380958925,23.01327189050265,20.782337135987085,26.88593423911128,22.42765076613633,25.650398535823687,0.0,0.0,0.0,0.0,0.0,0.0,0.0
stationary_d20,frozen,CoordinateCentral,30,8.04002027423125e-06,2.4158272078869717e-06,7.303068109405185e-06,6.180992050930531e-06,9.809120658769712e-06,7.25584750179336e-06,8.932449922318701e-06,0.02156319055098904,4.270825327437374e-05,0.021566020413277633,0.021534354516835563,0.02158717207637342,0.021548480997207266,0.02157825667419125,8.44495048343437e-06,1.3289323012806685e-06,8.202969540799697e-06,7.298608821190508e-06,9.256931847583969e-06,7.986820565456464e-06,8.916671399665047e-06,1320.0,24.91364395612199,1300.0,1300.0,1350.0,1311.6666666666667,1328.3333333333333,0.44614715095695584,0.0059634166420182285,0.4469084074424398,0.441906298752781,0.45075891443246985,0.44397351107191424,0.448218542134948,250.0,0.0,250.0,250.0,250.0,250.0,250.0,3.0149395365138782,0.007121239572145912,3.015744938396665,3.0097132042190786,3.0187163084703674,3.0124776624983767,3.0174528969051098,0.0,0.0,0.0,0.0,0.0,0.0,0.0
stationary_d20,frozen,FirstOrderReference,30,0.0,0.0,0.0,0.0,0.0,0.0,0.0,0.0025107012439038634,4.410947542252892e-19,0.002510701243903864,0.002510701243903864,0.002510701243903864,0.0025107012439038634,0.0025107012439038634,6.564144829611648e-287,0.0,6.564144829611647e-287,6.564144829611647e-287,6.564144829611647e-287,6.564144829611648e-287,6.564144829611648e-287,50.0,0.0,50.0,50.0,50.0,50.0,50.0,1.0,0.0,1.0,1.0,1.0,1.0,1.0,10000.0,0.0,10000.0,10000.0,10000.0,10000.0,10000.0,3.0139374681374407,4.516810283266961e-16,3.0139374681374402,3.0139374681374402,3.0139374681374402,3.0139374681374407,3.0139374681374407,0.0,0.0,0.0,0.0,0.0,0.0,0.0
stationary_d20,frozen,Gaussian-m1,30,1.9421252545168482e-05,7.56907700076476e-06,1.826468094630497e-05,1.4754849121855388e-05,2.3089212918389485e-05,1.68421526979493e-05,2.2099866678406545e-05,0.005498119447302181,0.0014348774901306567,0.005502055647807235,0.0045559803263418895,0.0062312747263855335,0.004995422989979177,0.006007327200606393,2.349448204230992e-05,1.5840231776655363e-06,2.3493060098314658e-05,2.2892569377154705e-05,2.4562799858057774e-05,2.2910970725459873e-05,2.4041833180565054e-05,251.66666666666666,46.39287499794244,250.0,250.0,300.0,235.0,266.6666666666667,0.14102642273642668,0.001870440028702826,0.14092686896081008,0.14001243931894797,0.1417642715162221,0.14038751267896482,0.14168583276291646,5000.0,0.0,5000.0,5000.0,5000.0,5000.0,5000.0,24.520535545189407,4.0142771454876405,25.00153918209905,22.197253819896204,27.467218972606197,23.153846459146415,25.907108531291133,0.0,0.0,0.0,0.0,0.0,0.0,0.0
stationary_d20,frozen,Gaussian-m20,30,9.43862292978882e-06,3.6848516465914634e-06,9.581305079647705e-06,7.006992879116587e-06,1.1895275299221576e-05,8.203056597993163e-06,1.0677194946834484e-05,0.009099182054502475,0.0017087273254023537,0.008742708844341744,0.008232387740622325,0.009718065488954368,0.008532726388114498,0.009705112403232328,1.1222355261569866e-05,1.1639390337191517e-06,1.1273307906436098e-05,1.0304711120752597e-05,1.1887225387112313e-05,1.083528644116443e-05,1.1644663588352711e-05,393.3333333333333,76.26330673412338,400.0,350.0,437.5,366.6666666666667,420.0,0.5697316568865888,0.006405622751382821,0.5696199096202619,0.5651200046951232,0.5739189917679315,0.5673864947567072,0.5720467192657526,250.0,0.0,250.0,250.0,250.0,250.0,250.0,4.41841546136935,0.9907572053771707,4.454900332202001,3.6509615152076282,5.1779308670595015,4.066726497647125,4.766891237635065,0.0,0.0,0.0,0.0,0.0,0.0,0.0
stationary_d20,frozen,Gaussian-m5,30,3.797022653629482e-05,1.8135225357051015e-05,3.500425513725274e-05,2.623252929487246e-05,4.449563061636417e-05,3.1930501451805766e-05,4.46449871238706e-05,0.007514614573527,0.001887087708991163,0.007640466923933092,0.006366863060311278,0.00876246686022762,0.006842831775960246,0.008175839386269625,3.401782379080482e-05,4.247724359000281e-06,3.331836172583766e-05,3.173390613322411e-05,3.560177961929622e-05,3.271014227342203e-05,3.560864950230252e-05,303.3333333333333,57.13464637233658,300.0,250.0,350.0,283.3333333333333,325.0,0.38104863810587347,0.004216850841382452,0.3808968494808039,0.3773330999630798,0.38373021113394223,0.3796473107834768,0.382519886912251,1000.0,0.0,1000.0,1000.0,1000.0,1000.0,1000.0,8.137267865316463,1.5708519505927536,7.985208760041386,7.053885667031695,8.750838661661586,7.6420851676025565,8.722265050387744,0.0,0.0,0.0,0.0,0.0,0.0,0.0
stationary_d20,frozen,SPSA-m1,30,1.0033052208055011e-05,3.714011017000227e-06,9.377641167430445e-06,7.39806799369323e-06,1.25856278473765e-05,8.76246183256832e-06,1.1380526438365813e-05,0.00531456270546619,0.0008463152790085772,0.00515191105578069,0.004794772083500499,0.005811608358519882,0.005034217793376061,0.005621922778154359,1.0607811231051684e-05,9.767484351310355e-07,1.0401657513746321e-05,9.97734455605077e-06,1.1328870971573705e-05,1.0286771877408111e-05,1.0957340096186372e-05,243.33333333333334,40.9653624363343,250.0,200.0,250.0,228.33333333333334,256.6666666666667,0.14093906396117373,0.0020448790905612225,0.1409620220217946,0.13991963331187776,0.1419669376091252,0.14020679109162432,0.14164826573798175,5000.0,0.0,5000.0,5000.0,5000.0,5000.0,5000.0,25.396303383806757,5.389162813016712,24.017543080998955,21.760607704987265,27.714338210414937,23.63555128502546,27.312084814782427,0.0,0.0,0.0,0.0,0.0,0.0,0.0
stationary_noise_high_d20,frozen,CoordinateCentral,30,0.0001879434686195899,5.936400383694583e-05,0.00017834448201640255,0.00015615640729442227,0.0002221590502048869,0.00016740906120044633,0.00021012809489133445,0.02178645119701635,0.00021323333695957703,0.021775569716382302,0.021674035280315845,0.021854427371627214,0.021715160194789467,0.021861268194007574,0.00021541898136595024,3.206115938025681e-05,0.00020908077031960714,0.00019824767699687477,0.00023286884629919908,0.00020508954434430055,0.00022811623885104544,1331.6666666666667,51.66759361422842,1350.0,1300.0,1350.0,1313.3333333333333,1350.0,0.346457380680734,0.006563249507880985,0.3462627545269249,0.3425813106194674,0.35061226181427324,0.3442729877551222,0.3487330843650169,250.0,0.0,250.0,250.0,250.0,250.0,250.0,3.0275652264828112,0.03087377048883502,3.018259960888547,3.009560573272062,3.0501365877767994,3.0170216481543894,3.0390886083292714,0.0,0.0,0.0,0.0,0.0,0.0,0.0
stationary_noise_high_d20,frozen,FirstOrderReference,30,0.0,0.0,0.0,0.0,0.0,0.0,0.0,0.0025107012439038634,4.410947542252892e-19,0.002510701243903864,0.002510701243903864,0.002510701243903864,0.0025107012439038634,0.0025107012439038634,6.564144829611648e-287,0.0,6.564144829611647e-287,6.564144829611647e-287,6.564144829611647e-287,6.564144829611648e-287,6.564144829611648e-287,50.0,0.0,50.0,50.0,50.0,50.0,50.0,1.0,0.0,1.0,1.0,1.0,1.0,1.0,10000.0,0.0,10000.0,10000.0,10000.0,10000.0,10000.0,3.0139374681374407,4.516810283266961e-16,3.0139374681374402,3.0139374681374402,3.0139374681374402,3.0139374681374407,3.0139374681374407,0.0,0.0,0.0,0.0,0.0,0.0,0.0
stationary_noise_high_d20,frozen,Gaussian-m1,30,0.00046448155184434825,0.00015742150716516691,0.000456018922798466,0.0003650046532400928,0.000536910127116721,0.00041195883384094895,0.0005223083749115393,0.006389573596727423,0.0012970791977978478,0.006233880684567212,0.005391272512096667,0.007113259259084913,0.005936077865907089,0.006845256351376388,0.0005745416293133325,5.06733512025588e-05,0.0005610558772742088,0.0005400273387559326,0.0006030226540148653,0.0005567464700354728,0.0005917727398520179,270.0,48.42341981115023,250.0,250.0,300.0,253.33333333333334,288.3333333333333,0.1394870568416725,0.00192217409631493,0.13954485435505137,0.13826526361930377,0.1406621522544062,0.13880712940222006,0.14014800575794553,5000.0,0.0,5000.0,5000.0,5000.0,5000.0,5000.0,23.962007464324188,5.024930920816303,22.439937629384232,19.74764029084421,27.559424802570994,22.232567821312678,25.816305969714026,0.0,0.0,0.0,0.0,0.0,0.0,0.0
stationary_noise_high_d20,frozen,Gaussian-m20,30,0.00031793772476879404,0.00012566892170266913,0.0002977226973829792,0.0002612945933567077,0.00034866602841555786,0.000275808197033913,0.0003655579700147234,0.009357494545551405,0.0021267214645783778,0.008933837872332437,0.008133568072281688,0.01114564236800323,0.008655177758470677,0.01012874148194729,0.00028443728792010514,3.727552598985328e-05,0.0002806724846253562,0.0002613072866015587,0.0002984431835160065,0.00027177692236750355,0.00029899094862652245,395.0,53.0939310773028,400.0,350.0,400.0,376.6666666666667,413.3333333333333,0.5662548657273618,0.008068966179739666,0.5668543329817959,0.5603825953738335,0.5715092781108284,0.5634682853819654,0.5690689769308853,250.0,0.0,250.0,250.0,250.0,250.0,250.0,4.4052086395120424,0.883809358258095,4.2921696871668145,3.853225110344799,4.879837319921942,4.1112635646557205,4.712895748408704,0.0,0.0,0.0,0.0,0.0,0.0,0.0
stationary_noise_high_d20,frozen,Gaussian-m5,30,0.0008686553588723062,0.0003396225762598777,0.0007924924622843574,0.0006747863274213447,0.001024657531360099,0.0007518416638581823,0.0009964021470965298,0.007671028250793894,0.0018223574646406547,0.00747625316713898,0.006256073931780154,0.008931957608871628,0.0069947154414522865,0.008324880896298683,0.0008690080796477531,0.00010060985630780197,0.0008616319746132574,0.0008058135064949389,0.0009119355467151685,0.0008338581720718727,0.000905159260226158,320.0,61.02571532587294,300.0,300.0,350.0,298.3333333333333,343.3333333333333,0.381230880953931,0.0037119316867477996,0.38083918640958614,0.3792633481754644,0.3835781825252493,0.3798507205387939,0.382449540540166,1000.0,0.0,1000.0,1000.0,1000.0,1000.0,1000.0,7.5038694467001505,1.607158103659817,7.35137500712621,6.111219194639929,8.846948939061743,6.998868546232761,8.076802568171937,0.0,0.0,0.0,0.0,0.0,0.0,0.0
stationary_noise_high_d20,frozen,SPSA-m1,30,0.00023958245008389372,0.00010079709031049777,0.00020990394818639122,0.00017805265108211343,0.0002868825337380252,0.0002059362545815629,0.00027612153373134546,0.005779817210854382,0.0011010638034159707,0.005772853370160433,0.004917061983107147,0.006519038594406227,0.005387709487704767,0.006173047810019167,0.0002581873294059242,2.6071474058716403e-05,0.00025810316192231706,0.00024154218182406148,0.00026818927496646036,0.0002488794726879532,0.00026685644322371613,256.6666666666667,48.66021056216283,250.0,200.0,300.0,240.0,273.3333333333333,0.1405006485614612,0.0013308939308575574,0.14058648730946682,0.13991204449402267,0.14136157533518928,0.14003265150560082,0.1409653830073312,5000.0,0.0,5000.0,5000.0,5000.0,5000.0,5000.0,24.055551713407677,3.887529088804973,23.344324768879115,21.528539498335007,26.70148374011514,22.766633681335566,25.37501777498603,0.0,0.0,0.0,0.0,0.0,0.0,0.0
