method,episode,return,q_softmax_entropy
Curriculum pretrained,1,-33.445334175831405,0.7301411468511483
Curriculum pretrained,2,-30.79111298079536,0.5030656102004424
Curriculum pretrained,3,-30.823698877821904,0.4783353481341222
Curriculum pretrained,4,-44.54655735069307,0.671019179670038
Curriculum pretrained,5,-41.99137367770635,0.802951696987936
Curriculum pretrained,6,-33.659130054849975,0.5670540562191971
Curriculum pretrained,7,-49.50475881217378,0.9271336803882385
Curriculum pretrained,8,-29.47922797065251,0.5683136109678832
Curriculum pretrained,9,-34.44307707870967,0.6279172837758169
Curriculum pretrained,10,-33.24733365063454,0.6092661606992897
Curriculum pretrained,11,-48.40599504493448,0.6398035855188621
Curriculum pretrained,12,-46.54142713552106,0.8751584368458579
Curriculum pretrained,13,-26.20050785546353,0.7832538660416588
Curriculum pretrained,14,-45.9328687799688,0.7646022353492923
Curriculum pretrained,15,-29.922216977980096,0.6315454605464538
Curriculum pretrained,16,-32.28196168653692,0.5513169990000454
Curriculum pretrained,17,-36.40654405955512,0.6521432146591294
Curriculum pretrained,18,-56.56486228947594,1.030915411080625
Curriculum pretrained,19,-38.05766754073389,0.8502904210203894
Curriculum pretrained,20,-38.49198645033236,0.6881850622416434
Curriculum pretrained,21,-27.20541305054583,0.8071235929214482
Curriculum pretrained,22,-39.50713057732111,0.9019857480187194
Curriculum pretrained,23,-43.13064285514838,0.8625963583273112
Curriculum pretrained,24,-39.86982848980384,0.6104768064501835
Curriculum pretrained,25,-42.82990251503152,0.5805840988324881
Curriculum pretrained,26,-39.51116891239524,0.9692184694162229
Curriculum pretrained,27,-36.685378871947705,0.7629153330708912
Curriculum pretrained,28,-52.05267427067001,0.9914748486910304
Curriculum pretrained,29,-43.536206249075896,0.8687464621644261
Curriculum pretrained,30,-39.19656332608258,0.535339828099562
Curriculum pretrained,31,-32.8477767867413,0.8128572961618761
Curriculum pretrained,32,-43.799606411055635,0.7851137548661002
Curriculum pretrained,33,-51.04908828011472,0.9803706332956407
Curriculum pretrained,34,-37.904906537126784,0.695508711646627
Curriculum pretrained,35,-39.876787173045784,0.6037914736062688
Curriculum pretrained,36,-33.1185750890063,0.5786538487374152
Curriculum pretrained,37,-46.82836594330284,0.8005024686880383
Curriculum pretrained,38,-49.14276977144577,0.8801606460461545
Curriculum pretrained,39,-58.36873594426011,1.0302205788039396
Curriculum pretrained,40,-39.138896864185874,0.9156597777433345
Curriculum pretrained,41,-41.71167147178805,0.8909888963322657
Curriculum pretrained,42,-29.529149388407085,0.6525838654072205
Curriculum pretrained,43,-33.901583467654355,0.4279013183894216
Curriculum pretrained,44,-39.19468382737559,0.4799499528844825
Curriculum pretrained,45,-39.21611999777331,0.6816551334938762
Curriculum pretrained,46,-42.25046736398825,0.7790200999461208
Curriculum pretrained,47,-31.81185749310278,0.7917476842573571
Curriculum pretrained,48,-36.061415185920325,0.680112129132202
Curriculum pretrained,49,-37.93221340064041,0.6434431923089612
Curriculum pretrained,50,-25.197861799878016,0.5647917302639786
Curriculum pretrained,51,-32.6782678355532,0.595562648400785
Curriculum pretrained,52,-36.5669171753851,0.5742541179024216
Curriculum pretrained,53,-32.077773571636115,0.5595282862709929
Curriculum pretrained,54,-35.46622277855225,0.3622052275785656
Curriculum pretrained,55,-38.662866069104965,0.43508742608708284
Curriculum pretrained,56,-41.39249681677212,0.8430433472540247
Curriculum pretrained,57,-56.04652385259689,1.0271961652760904
Curriculum pretrained,58,-29.243447685543178,0.48438424384361933
Curriculum pretrained,59,-51.15418072481049,0.800298242029301
Curriculum pretrained,60,-47.60292948879835,1.1352849404130676
Curriculum pretrained,61,-60.122967401275886,0.8862819310360364
Curriculum pretrained,62,-25.377733698883375,0.9017124106112806
Curriculum pretrained,63,-48.35332583901029,0.7912173160693062
Curriculum pretrained,64,-24.103343852864647,0.6880180215468001
Curriculum pretrained,65,-26.028683575030303,0.38717706295361637
Curriculum pretrained,66,-23.1795817000319,0.6550204972470717
Curriculum pretrained,67,-50.74890769907853,0.6239935702042545
Curriculum pretrained,68,-31.716721967525395,0.599978684998367
Curriculum pretrained,69,-35.82044655539206,0.3019907496088544
Curriculum pretrained,70,-42.87502469786622,0.8643824130791901
Curriculum pretrained,71,-34.97976197355359,0.5523180255186411
Curriculum pretrained,72,-25.12663119738992,0.43586095696905197
Curriculum pretrained,73,-34.88834213131059,0.5576068230908872
Curriculum pretrained,74,-32.00173490519546,0.42145186809341095
Curriculum pretrained,75,-20.807200250065545,0.7331825869818483
Curriculum pretrained,76,-32.88751843237958,0.6412285988517838
Curriculum pretrained,77,-36.858534008802266,0.7091176947270657
Curriculum pretrained,78,-39.92957963719019,0.741387518757612
Curriculum pretrained,79,-31.516897874776134,0.713876676035837
Curriculum pretrained,80,-42.031238021326885,0.8036674837480344
Curriculum pretrained,81,-49.70106217285797,1.0102578520174332
Curriculum pretrained,82,-41.375845387063514,0.6878504628417895
Curriculum pretrained,83,-23.599718670989823,0.6458353090759019
Curriculum pretrained,84,-31.580884078343868,0.580526425433807
Curriculum pretrained,85,-33.15304494436699,0.6686114091104883
Curriculum pretrained,86,-25.548698813580998,0.6342440890838595
Curriculum pretrained,87,-31.119270122139287,0.5598736340695268
Curriculum pretrained,88,-31.938861678691378,0.5976388649548733
Curriculum pretrained,89,-40.33042009036603,0.6530838314795996
Curriculum pretrained,90,-29.38433512267399,0.6569762172916483
Curriculum pretrained,91,-37.9551785993078,0.7189788449268921
Curriculum pretrained,92,-33.44952748892726,0.5317419001284985
Curriculum pretrained,93,-24.182088482087053,0.5782034739059462
Curriculum pretrained,94,-21.705140713068918,0.5563682888688557
Curriculum pretrained,95,-31.38117551066192,0.3545003632547209
Curriculum pretrained,96,-39.55788485576193,0.6359949477090765
Curriculum pretrained,97,-29.649004495738794,0.5444155541320913
Curriculum pretrained,98,-38.13153694594751,0.6370844333671628
Curriculum pretrained,99,-34.968067800416996,0.5789993495787239
Curriculum pretrained,100,-26.589335899227247,0.6723674392068189
Curriculum pretrained,101,-44.9241800020851,0.7742407625033445
Curriculum pretrained,102,-22.069410315915,0.6128803654901183
Curriculum pretrained,103,-30.46628004863417,0.2765292260046053
Curriculum pretrained,104,-25.833873758181362,0.4730399742573406
Curriculum pretrained,105,-38.331618604089435,0.3366101414863771
Curriculum pretrained,106,-26.30432328358827,0.6202482195954482
Curriculum pretrained,107,-25.483148825706863,0.35162646336778164
Curriculum pretrained,108,-38.713981723044235,0.4680879190902322
Curriculum pretrained,109,-61.65029840516789,0.8683626330498678
Curriculum pretrained,110,-19.798363689767932,0.7292879800047452
Curriculum pretrained,111,-42.21963050540725,0.6088578183200416
Curriculum pretrained,112,-25.869315448175215,0.5647744641977837
Curriculum pretrained,113,-26.692966765541254,0.5241336872903215
Curriculum pretrained,114,-36.06517804562152,0.4706137257659884
Curriculum pretrained,115,-25.20106375281553,0.5442384973699381
Curriculum pretrained,116,-44.15350132004538,0.6592947937762564
Curriculum pretrained,117,-26.22122467530622,0.6001464523368398
Curriculum pretrained,118,-22.218823555593264,0.6695246921456948
Curriculum pretrained,119,-47.33065655940811,0.6585930334241412
Curriculum pretrained,120,-22.274468644403854,0.5047990898075176
Curriculum pretrained,121,-32.876620877606264,0.38399887185571185
Curriculum pretrained,122,-38.022128471130685,0.575840284092208
Curriculum pretrained,123,-44.155467769669464,0.7324083252302652
Curriculum pretrained,124,-50.848677895848425,0.8847985931789549
Curriculum pretrained,125,-43.030076375317,0.9575073907595131
Curriculum pretrained,126,-37.61145730234094,0.5725423428990059
Curriculum pretrained,127,-42.03210840645423,0.8356655408421267
Curriculum pretrained,128,-59.7639053318462,1.4027130715387912
Curriculum pretrained,129,-33.68956858282806,0.9353313350450757
Curriculum pretrained,130,-33.03962350543358,0.7184845798585814
Curriculum pretrained,131,-33.8165596342009,0.7398089795069234
Curriculum pretrained,132,-26.612696339277964,0.5252434658938303
Curriculum pretrained,133,-31.988066588453847,0.6186197055134058
Curriculum pretrained,134,-46.11407305020553,0.8912459813547394
Curriculum pretrained,135,-44.24952524516391,0.8872041346945498
Curriculum pretrained,136,-27.196770032151083,0.909443023628232
Curriculum pretrained,137,-29.590275463087274,0.5589569935293409
Curriculum pretrained,138,-34.860203346402194,0.4773696056354016
Curriculum pretrained,139,-39.576793585679916,0.6846338249711884
Curriculum pretrained,140,-44.90569750210384,0.6433996158307212
Curriculum pretrained,141,-34.554729456155144,0.5204148826476477
Curriculum pretrained,142,-37.246892168856775,0.5154310436778758
Curriculum pretrained,143,-36.916744400373034,0.6134980749414167
Curriculum pretrained,144,-24.84464679502509,0.6918041059847198
Curriculum pretrained,145,-34.208483689090045,0.6254254318259684
Curriculum pretrained,146,-43.358361716226476,0.9300289051525563
Curriculum pretrained,147,-51.55921455086857,0.9405121285634497
Curriculum pretrained,148,-39.16534618358625,0.8802835333256916
Curriculum pretrained,149,-39.510923678357756,0.6249147151552502
Curriculum pretrained,150,-52.14533476496496,0.9952017995607702
Curriculum pretrained,151,-37.189494143556075,0.8758510243914858
Curriculum pretrained,152,-42.25216454411574,0.9627956963706596
Curriculum pretrained,153,-39.3254321963875,0.9458144549967942
Curriculum pretrained,154,-40.29304668531612,0.7938168092166217
Curriculum pretrained,155,-28.881223491995573,0.5730866841158047
Curriculum pretrained,156,-35.338135109514425,0.653875242683198
Curriculum pretrained,157,-38.83679144219222,0.8148259245836309
Curriculum pretrained,158,-34.952188501831515,0.8043752914490938
Curriculum pretrained,159,-52.361155468961435,1.0858284624185475
Curriculum pretrained,160,-28.650374674399096,0.6008943535552674
Curriculum pretrained,161,-29.308609939473286,0.585830370194887
Curriculum pretrained,162,-30.945127775278294,0.45920982461441007
Curriculum pretrained,163,-45.69459299045339,0.5787597130430332
Curriculum pretrained,164,-30.877214488098666,0.7294892844107017
Curriculum pretrained,165,-27.581035142793468,0.508550298694518
Curriculum pretrained,166,-63.149758332998125,1.037387240277187
Curriculum pretrained,167,-46.82954572883642,0.9304510674979073
Curriculum pretrained,168,-28.789389540361903,0.866989560123903
Curriculum pretrained,169,-44.286337883084066,0.8524342869038687
Curriculum pretrained,170,-26.269582294258154,0.4964697126326385
Curriculum pretrained,171,-41.47609198974261,0.38317710927697135
Curriculum pretrained,172,-40.80348814773274,0.8149347217633237
Curriculum pretrained,173,-36.413252146418984,0.5747120491375745
Curriculum pretrained,174,-31.72208198693494,0.45715582012169276
Curriculum pretrained,175,-45.12895028399427,0.7499904131516294
Curriculum pretrained,176,-33.101331199854634,0.6345262869625076
Curriculum pretrained,177,-39.44564694957068,0.7875884929217287
Curriculum pretrained,178,-32.214657299242425,0.5262367363891467
Curriculum pretrained,179,-77.19838553894682,1.2180743427373695
Curriculum pretrained,180,-52.72821192584269,1.2288428822192592
Curriculum pretrained,181,-42.045233860584275,0.9127749614544611
Curriculum pretrained,182,-47.46339736874933,0.7472497435745125
Curriculum pretrained,183,-47.051232780712624,0.8394702702380085
Curriculum pretrained,184,-33.97399143548802,0.8093373126645218
Curriculum pretrained,185,-33.93077777686711,0.43120465754016984
Curriculum pretrained,186,-36.69668383674704,0.5051379717605384
Curriculum pretrained,187,-44.12877408785353,0.5937359407251934
Curriculum pretrained,188,-41.674604594040595,1.0098681071210727
Curriculum pretrained,189,-37.67640564442885,0.5709130775626522
Curriculum pretrained,190,-32.15775550814152,0.9617330431389984
Curriculum pretrained,191,-31.869700464669016,0.5229581120069141
Curriculum pretrained,192,-39.43836172263848,0.39302208604901484
Curriculum pretrained,193,-50.6978535440858,0.7223110884325655
Curriculum pretrained,194,-28.9974647350938,0.6059694996142849
Curriculum pretrained,195,-40.498643537820456,0.5603983016144967
Curriculum pretrained,196,-48.61116472476794,0.6808325880707075
Curriculum pretrained,197,-38.12077504332909,0.6112311441720613
Curriculum pretrained,198,-31.098576593846975,0.4597725160279894
Curriculum pretrained,199,-27.93533177859463,0.6309445573659044
Curriculum pretrained,200,-44.12752836030404,0.5022043411842825
Stationary pretrained,1,-32.27659157617711,0.8685086600515027
Stationary pretrained,2,-27.442821415000502,0.9897453199661955
Stationary pretrained,3,-32.54018340402758,0.8026555356356814
Stationary pretrained,4,-58.324799673300824,1.2248051965352822
Stationary pretrained,5,-37.61578651876235,1.190395140042018
Stationary pretrained,6,-45.33569448963289,1.1909833844926758
Stationary pretrained,7,-35.02873150840882,1.1188471551260029
Stationary pretrained,8,-32.34069823624106,1.0239669688649968
Stationary pretrained,9,-26.968815803207494,0.9391435466995712
Stationary pretrained,10,-29.846071314478067,0.8181669377809146
Stationary pretrained,11,-35.215965790407694,0.8810727911253025
Stationary pretrained,12,-54.775248458290946,1.164904948158364
Stationary pretrained,13,-51.85853188412669,1.3127853375782887
Stationary pretrained,14,-31.55502602981273,0.8950554616784423
Stationary pretrained,15,-47.22647892022332,1.1662358043029954
Stationary pretrained,16,-38.676370265691574,1.0104547769831824
Stationary pretrained,17,-29.036713898762425,0.9350155474260284
Stationary pretrained,18,-47.024352405501084,1.2863829414853134
Stationary pretrained,19,-72.90439934195756,1.4062366955087133
Stationary pretrained,20,-32.49100690112678,0.8990355175782015
Stationary pretrained,21,-28.873467064792482,0.8889853228192082
Stationary pretrained,22,-81.21467265887952,1.0959571076855688
Stationary pretrained,23,-32.99205408785478,0.7422215918902556
Stationary pretrained,24,-45.55474530563619,0.972640897669952
Stationary pretrained,25,-51.79907244597489,0.799186689606767
Stationary pretrained,26,-61.23905776349663,1.0309406597314128
Stationary pretrained,27,-39.389006804904454,0.919318962648774
Stationary pretrained,28,-25.999481953629534,0.684947877171755
Stationary pretrained,29,-37.617101712208196,0.6631307999246191
Stationary pretrained,30,-38.19902891835666,0.6939530533479715
Stationary pretrained,31,-43.52781011074296,0.7320718755357631
Stationary pretrained,32,-33.54229745423696,0.53798950565563
Stationary pretrained,33,-29.427795606206946,0.7908562759633196
Stationary pretrained,34,-37.72056336248037,0.6301053795699472
Stationary pretrained,35,-31.632354464592602,0.6835809075167232
Stationary pretrained,36,-48.27348685017797,0.8334140255636412
Stationary pretrained,37,-48.76343446399787,0.951831330091689
Stationary pretrained,38,-35.07847857652341,0.6311254971999017
Stationary pretrained,39,-34.07456102830206,0.7037517317558959
Stationary pretrained,40,-39.202959012430306,0.7565050050497032
Stationary pretrained,41,-40.58261266724446,1.0580906157686254
Stationary pretrained,42,-52.55095436976668,0.9596460190486461
Stationary pretrained,43,-46.15358119375851,1.0183730150468486
Stationary pretrained,44,-59.85426192117931,1.2982179625415722
Stationary pretrained,45,-32.57957887837029,0.7811157828129428
Stationary pretrained,46,-23.945600109081564,0.7162252347339055
Stationary pretrained,47,-45.520593363719996,0.6923486091758684
Stationary pretrained,48,-31.685522329699296,0.41642107422934704
Stationary pretrained,49,-52.91847038636322,0.7556823824581123
Stationary pretrained,50,-44.843272793098265,1.1173679002101342
Stationary pretrained,51,-26.866315512540694,1.0078353399593851
Stationary pretrained,52,-25.51198765358528,0.7334083131901684
Stationary pretrained,53,-30.12422228968932,0.7544627572618494
Stationary pretrained,54,-36.04552230070149,0.7044084505248477
Stationary pretrained,55,-36.59196390975828,0.6645442640781657
Stationary pretrained,56,-32.116720923692576,0.6998516143853869
Stationary pretrained,57,-26.061413468956474,0.7896244829965321
Stationary pretrained,58,-47.47711268401541,0.8794402647836577
Stationary pretrained,59,-63.3662970522657,1.3096137497059108
Stationary pretrained,60,-61.760017780953476,1.1676791827141229
Stationary pretrained,61,-54.883233379590514,0.9649482915626993
Stationary pretrained,62,-35.51137495693463,0.9329689983461517
Stationary pretrained,63,-23.829655931818543,0.568990001813999
Stationary pretrained,64,-41.51572723347941,0.5140251790638701
Stationary pretrained,65,-48.39703463462608,0.9098472086190085
Stationary pretrained,66,-53.44546529527648,1.071113777386189
Stationary pretrained,67,-44.14029517454152,0.9518984705862549
Stationary pretrained,68,-44.43273894100233,0.8651879948357123
Stationary pretrained,69,-45.45786868832289,0.8446751174114686
Stationary pretrained,70,-26.33194429365505,0.5804043329521378
Stationary pretrained,71,-40.44079754592835,0.859620181004783
Stationary pretrained,72,-48.83080103111061,0.9100924267351658
Stationary pretrained,73,-48.56687126531977,1.036947827822513
Stationary pretrained,74,-48.89497495870899,1.0389324941361033
Stationary pretrained,75,-65.22119367105878,1.0833603263386495
Stationary pretrained,76,-37.567229348005505,0.8036459419027282
Stationary pretrained,77,-33.15995836100677,0.7721317533999591
Stationary pretrained,78,-39.22732778599578,0.8835977335512695
Stationary pretrained,79,-41.658550892275585,0.730649722773901
Stationary pretrained,80,-32.86377935659979,0.4848407583900339
Stationary pretrained,81,-32.90902823640832,0.4965798225224151
Stationary pretrained,82,-45.68624535143852,0.5330567629925637
Stationary pretrained,83,-22.30097087246011,0.6770277783332785
Stationary pretrained,84,-30.932406578003935,0.30230556619967724
Stationary pretrained,85,-37.63076251102463,0.594526661312614
Stationary pretrained,86,-39.25922594097823,0.5284448602637513
Stationary pretrained,87,-31.833115071265276,0.5308891698337306
Stationary pretrained,88,-42.0228012750344,0.5922837886915198
Stationary pretrained,89,-58.17892978363572,0.9627404136870031
Stationary pretrained,90,-30.48881210826586,0.652467571726059
Stationary pretrained,91,-39.11427320380365,0.5235489688390339
Stationary pretrained,92,-78.77965686018828,1.1913386045668952
Stationary pretrained,93,-42.891547049103366,0.9795543491709483
Stationary pretrained,94,-43.9965954969443,0.7554486319247103
Stationary pretrained,95,-51.493650867814964,0.8311691670189005
Stationary pretrained,96,-34.1975083419486,0.9390461305590438
Stationary pretrained,97,-30.25109232277512,0.5772401416505833
Stationary pretrained,98,-39.502717511737984,0.681639793858789
Stationary pretrained,99,-32.04396580332312,0.4298282930636763
Stationary pretrained,100,-22.565861591553883,0.7689524225639066
Stationary pretrained,101,-37.032341997371056,0.6957381646163096
Stationary pretrained,102,-32.984017782205086,0.5984544124263803
Stationary pretrained,103,-28.641461030600446,0.4100682736641815
Stationary pretrained,104,-34.623280997035884,0.6792259425944119
Stationary pretrained,105,-30.018005338089523,0.6170642613247139
Stationary pretrained,106,-39.348850558952236,0.7169117567753001
Stationary pretrained,107,-39.61983578060214,0.657102267634689
Stationary pretrained,108,-33.81423334546967,0.49169077134002503
Stationary pretrained,109,-38.379076368588386,0.6745372151668921
Stationary pretrained,110,-33.515898872297534,0.4972116664504433
Stationary pretrained,111,-41.50216568587685,0.675215605963815
Stationary pretrained,112,-53.59557812195165,0.9130516922717872
Stationary pretrained,113,-30.024016226195037,0.6631963768926423
Stationary pretrained,114,-35.01015261025481,0.7308957277764215
Stationary pretrained,115,-25.114514095494364,0.5932989011239169
Stationary pretrained,116,-43.60629423488556,0.6952581433870788
Stationary pretrained,117,-36.514670369713734,0.6352830155840792
Stationary pretrained,118,-28.789181220997563,0.8151827543654355
Stationary pretrained,119,-38.48351190825974,0.6375017980628946
Stationary pretrained,120,-28.461826373567362,0.6629113430854899
Stationary pretrained,121,-34.22075760586331,0.6960209612779866
Stationary pretrained,122,-19.523948348870434,0.9176118680867709
Stationary pretrained,123,-35.57168771239986,0.5196096135911605
Stationary pretrained,124,-35.40650710293208,0.6444700351778987
Stationary pretrained,125,-37.13603563389567,0.55740798648938
Stationary pretrained,126,-27.95852624460212,0.7314348366741857
Stationary pretrained,127,-40.48437690847363,0.5655618464556252
Stationary pretrained,128,-33.28872531472113,0.6418459399503776
Stationary pretrained,129,-30.242490014584252,0.6288575322236678
Stationary pretrained,130,-35.09893526250626,0.5447874108409352
Stationary pretrained,131,-34.84345213152609,0.6523893648995729
Stationary pretrained,132,-39.509651419430824,1.080789545500237
Stationary pretrained,133,-33.32080627738538,0.6616171316789121
Stationary pretrained,134,-52.80350918091838,0.6709852142496396
Stationary pretrained,135,-40.3701371127902,0.767872791424208
Stationary pretrained,136,-33.46037727656086,0.7799709837116775
Stationary pretrained,137,-42.4175805940496,1.1196462859214968
Stationary pretrained,138,-46.463029057315694,1.0581812376958768
Stationary pretrained,139,-34.91212199293278,0.7175533613959303
Stationary pretrained,140,-43.89838511298231,0.9428857839859287
Stationary pretrained,141,-23.29331703287211,0.761112978096445
Stationary pretrained,142,-44.14960026741376,0.6993954015196211
Stationary pretrained,143,-29.619838691887526,0.432875055019104
Stationary pretrained,144,-41.742115144376356,0.7224129654040774
Stationary pretrained,145,-40.478909461646445,0.7201670125426142
Stationary pretrained,146,-30.806689740606878,0.898362497443707
Stationary pretrained,147,-32.606611169540685,0.6305175982032142
Stationary pretrained,148,-46.598387324743015,0.7333691153815628
Stationary pretrained,149,-24.491660760518695,1.0065393029040721
Stationary pretrained,150,-34.31640725314078,0.6916561029208096
Stationary pretrained,151,-31.35074284341716,0.7476760351352881
Stationary pretrained,152,-38.64027200489595,0.583194566802114
Stationary pretrained,153,-48.64139544826028,0.9391546102397815
Stationary pretrained,154,-34.96365863613647,0.700691038648145
Stationary pretrained,155,-33.93230163586645,0.5300007020351262
Stationary pretrained,156,-37.12673069602853,0.7707786854283846
Stationary pretrained,157,-33.51456477681704,0.5408478563793133
Stationary pretrained,158,-35.189981442974194,0.443787801704282
Stationary pretrained,159,-31.04375633277613,0.49156636548997557
Stationary pretrained,160,-25.820447937168307,0.6840817869634243
Stationary pretrained,161,-37.6805935217091,0.6432660761207207
Stationary pretrained,162,-31.140575680978056,0.45492860528612294
Stationary pretrained,163,-25.209060249142198,0.8119817844765206
Stationary pretrained,164,-36.77803137197244,0.602142136751767
Stationary pretrained,165,-40.06157309032784,0.9225462414066601
Stationary pretrained,166,-31.591953913185947,0.8929529575961765
Stationary pretrained,167,-37.85540829729378,0.713163158020169
Stationary pretrained,168,-38.92493269700656,0.7427583832608969
Stationary pretrained,169,-44.11383052182547,0.8969838762251942
Stationary pretrained,170,-52.45411570186597,0.8091171999237324
Stationary pretrained,171,-53.96063405765283,1.033224520234912
Stationary pretrained,172,-25.17207460781155,0.8266356398224078
Stationary pretrained,173,-34.8516248562288,0.5872584274191861
Stationary pretrained,174,-43.990417119177884,0.7125554243488352
Stationary pretrained,175,-39.28599190397968,0.8797016747280677
Stationary pretrained,176,-28.28269081586666,0.7571612779495975
Stationary pretrained,177,-42.24821300362096,0.8653552942567672
Stationary pretrained,178,-32.74000107683694,0.6743689037746068
Stationary pretrained,179,-30.759987878047287,0.5315660205641505
Stationary pretrained,180,-34.352815029868665,0.5253877601212147
Stationary pretrained,181,-41.00206103309358,0.8584888946182493
Stationary pretrained,182,-18.49430631458393,0.687746423851488
Stationary pretrained,183,-28.819310666065906,0.40845694009220573
Stationary pretrained,184,-29.382592277424557,0.3711721128628508
Stationary pretrained,185,-34.50603727753763,0.5462486138480447
Stationary pretrained,186,-31.840598342974232,0.6224195866890224
Stationary pretrained,187,-27.56103473922841,0.4285104955633641
Stationary pretrained,188,-46.22606953913114,0.6420217354847089
Stationary pretrained,189,-28.94989205715898,0.6187922969166145
Stationary pretrained,190,-29.79999161361672,0.5615087801465695
Stationary pretrained,191,-32.5298163111233,0.6891417415406635
Stationary pretrained,192,-36.711547302280685,0.6904454624258456
Stationary pretrained,193,-36.37018116709695,0.6923170004604301
Stationary pretrained,194,-40.0427684529306,0.7705636421738222
Stationary pretrained,195,-30.94758954714594,0.9922258642693464
Stationary pretrained,196,-47.22828662918772,0.7621992897361641
Stationary pretrained,197,-47.59954593242661,1.1227763282544865
Stationary pretrained,198,-51.32537424583599,1.0446249652025927
Stationary pretrained,199,-50.12175698015834,1.0739107285460865
Stationary pretrained,200,-46.79357272128287,1.0999785286749661
No pretraining,1,-89.40495825013637,1.7185261410390789
No pretraining,2,-68.51743449205907,1.7388591190687361
No pretraining,3,-45.643454490330456,1.6296668135892753
No pretraining,4,-85.12836554244782,1.5949408019218767
No pretraining,5,-96.1251590636515,1.580939780574812
No pretraining,6,-55.52834700432082,1.4289392438619593
No pretraining,7,-137.75330873738332,1.5565959049389728
No pretraining,8,-116.5773930386296,1.3783649324334108
No pretraining,9,-55.170071053584465,1.2674377666283814
No pretraining,10,-131.98473503293815,1.3556017859155967
No pretraining,11,-81.96857397885823,1.3303929015651241
No pretraining,12,-55.40217253894421,1.2433150231341263
No pretraining,13,-49.750603403642444,1.180671110479257
No pretraining,14,-64.18171925337737,1.0639465524699498
No pretraining,15,-37.279236948508895,0.7853352376512264
No pretraining,16,-46.50065556205469,0.8604936995993874
No pretraining,17,-51.36168679309737,1.0194556710302698
No pretraining,18,-45.07154176207599,0.7526144586925537
No pretraining,19,-56.52287740052556,0.9039977148143832
No pretraining,20,-52.426531473110984,1.1659964534013916
No pretraining,21,-48.55480845108798,0.9856784775823807
No pretraining,22,-40.10208757190294,0.74317192878397
No pretraining,23,-43.043889556182755,0.9840690383163341
No pretraining,24,-37.7854578324002,0.6914893938276643
No pretraining,25,-60.255575433193,1.0208031920703728
No pretraining,26,-35.031034178287655,0.666063755485252
No pretraining,27,-31.094151791374482,0.5327088554163576
No pretraining,28,-34.06966746939312,0.3511966200308681
No pretraining,29,-31.89825002494601,0.30306711294977345
No pretraining,30,-27.03195791915686,0.3337905518607152
No pretraining,31,-54.4232982627572,0.7131819183313008
No pretraining,32,-46.07545952496306,0.7208602315744571
No pretraining,33,-43.67759984375782,0.6964603205637628
No pretraining,34,-45.07503597852619,0.6844098513224133
No pretraining,35,-61.87734311248862,0.8135486268797382
No pretraining,36,-51.70266139105577,1.0004507073024433
No pretraining,37,-45.99044790310025,0.79152623940489
No pretraining,38,-37.842430276860284,0.7858262684948287
No pretraining,39,-46.55199095627485,0.8578128816576313
No pretraining,40,-44.496008753446475,0.7692919971085447
No pretraining,41,-31.9001135037612,0.5276909212309239
No pretraining,42,-37.35082934718888,0.5810134783373344
No pretraining,43,-53.20828235595269,0.6056483575378807
No pretraining,44,-33.669547118604704,0.4125003376804771
No pretraining,45,-50.966424768466226,0.5755150044942771
No pretraining,46,-42.48580858485097,0.6744695375161283
No pretraining,47,-36.76335409878958,0.6736059620277566
No pretraining,48,-47.07483595981478,0.6093343770713138
No pretraining,49,-30.73061457392526,0.466454380969648
No pretraining,50,-44.37671252656836,0.48441639786256036
No pretraining,51,-26.28197658500215,0.4268998621529274
No pretraining,52,-30.426428103078592,0.4123639716536688
No pretraining,53,-34.48873141166702,0.3245453327900367
No pretraining,54,-41.71778976598209,0.4369609466105779
No pretraining,55,-29.788456830881376,0.34875623037625614
No pretraining,56,-22.33195631003126,0.23232037755400275
No pretraining,57,-31.122352577494667,0.3420627061214163
No pretraining,58,-47.18293575379491,0.6363974988544425
No pretraining,59,-33.17990868459449,0.5520547724932955
No pretraining,60,-45.28535725617246,0.5272460805531058
No pretraining,61,-32.89459648546481,0.38779927681034226
No pretraining,62,-39.053313959983264,0.615602900135605
No pretraining,63,-35.67465162096916,0.5928843885776228
No pretraining,64,-30.047845010685958,0.47866535515535624
No pretraining,65,-50.24095519750091,0.6188094728681163
No pretraining,66,-28.96775805993687,0.57173637031046
No pretraining,67,-27.971799737976593,0.5078771662051819
No pretraining,68,-51.7641821164054,0.7518846317313997
No pretraining,69,-21.041000877211573,0.5200353311994822
No pretraining,70,-44.434947296767184,0.4797796843912948
No pretraining,71,-51.833098315273375,0.6504553066015242
No pretraining,72,-38.0510696039463,0.8173920702840013
No pretraining,73,-25.38852402089235,0.42529463396106465
No pretraining,74,-33.09530970908837,0.42060939285035753
No pretraining,75,-31.892992338514865,0.33531944207408465
No pretraining,76,-30.316112049160544,0.38632917993620347
No pretraining,77,-57.876849273166755,0.8361525670602892
No pretraining,78,-49.370009777158586,0.8831873979895886
No pretraining,79,-41.53826646381265,0.7357473098982307
No pretraining,80,-31.36099473462297,0.6479632602072225
No pretraining,81,-32.75446120032224,0.5609048260461236
No pretraining,82,-37.57661031007812,0.5848782382282872
No pretraining,83,-34.52719775652249,0.5139366737410387
No pretraining,84,-57.07075848251044,0.7747619833318915
No pretraining,85,-46.21399992337287,0.8813221430513174
No pretraining,86,-33.69482500860714,0.6724039971558005
No pretraining,87,-35.696853132836175,0.551606819917154
No pretraining,88,-39.1534179996614,0.6477771760493264
No pretraining,89,-36.49125755253009,0.6589547132523567
No pretraining,90,-25.827740983166947,0.4343262090938874
No pretraining,91,-40.77190539131911,0.5614888444685597
No pretraining,92,-38.166058972926336,0.5337436332802356
No pretraining,93,-44.27677936499405,0.6350072586451729
No pretraining,94,-44.83425639527286,0.982026661957435
No pretraining,95,-53.10054535501894,0.7115549659524909
No pretraining,96,-43.338827770220995,0.7486657974862442
No pretraining,97,-34.09429657124748,0.708173660909316
No pretraining,98,-50.14423097966394,0.8181176404799286
No pretraining,99,-41.30021839397555,0.8736396793154665
No pretraining,100,-37.68032340335621,0.7578387273142371
No pretraining,101,-48.096237688358485,0.9045917814051082
No pretraining,102,-33.2684705678248,0.6064237778610878
No pretraining,103,-28.8991191946781,0.4642599230965821
No pretraining,104,-71.48775927410315,1.0462276052111217
No pretraining,105,-46.2138510395973,1.0078066440617444
No pretraining,106,-28.416695745831923,0.5411631921440138
No pretraining,107,-36.63957420088443,0.7267250484215964
No pretraining,108,-42.36686373809306,0.6197917786091642
No pretraining,109,-32.57984187862439,0.5355320425440356
No pretraining,110,-35.337009750806324,0.3939922386917683
No pretraining,111,-35.44066483537787,0.5405708117845871
No pretraining,112,-35.52347660739421,0.6214828248898964
No pretraining,113,-40.45693107971384,0.5063667516963907
No pretraining,114,-32.78421691550031,0.5867619163851525
No pretraining,115,-47.12086611361741,0.705875548819187
No pretraining,116,-38.94038129108033,0.6191546906461188
No pretraining,117,-45.41191983636418,0.726017665534672
No pretraining,118,-43.37007424825319,0.8765469505272726
No pretraining,119,-35.97690824763133,0.7860094419577541
No pretraining,120,-40.803875630085386,0.5407732217944127
No pretraining,121,-42.50516270443575,0.8169820620637984
No pretraining,122,-60.1964832253756,1.1463619516463028
No pretraining,123,-39.24978214285541,0.7997448363966059
No pretraining,124,-56.83315064171115,0.8699915424890018
No pretraining,125,-31.17707285899071,0.7006113537020169
No pretraining,126,-40.45578194269454,0.7664087426136499
No pretraining,127,-41.19286154427483,0.7785577632915159
No pretraining,128,-33.73059487928355,0.5805727206166862
No pretraining,129,-52.54963881822103,0.7390503371799465
No pretraining,130,-43.89497791126472,0.9087269481377723
No pretraining,131,-40.296932465700976,0.7782445303964561
No pretraining,132,-30.81733393901075,0.5025898502063331
No pretraining,133,-37.46253178700257,0.5281165575943644
No pretraining,134,-26.408411400722784,0.4424145788342679
No pretraining,135,-29.82370617061534,0.45786539116421315
No pretraining,136,-56.18334353040077,0.7713431095823905
No pretraining,137,-41.16872144939547,0.8850668181268462
No pretraining,138,-34.1594296213005,0.5351450503285105
No pretraining,139,-53.28459538302032,1.0540581214961995
No pretraining,140,-57.01969000274693,1.2213505901703945
No pretraining,141,-45.843479224532615,0.757920552831325
No pretraining,142,-36.56688152918759,0.4606921835189335
No pretraining,143,-58.51594141095323,0.8693336669487469
No pretraining,144,-47.49198930057871,0.6934079609027156
No pretraining,145,-44.77723248250636,0.861939410996187
No pretraining,146,-28.05693768798053,0.40894315186159036
No pretraining,147,-21.922903691786395,0.2878832096244404
No pretraining,148,-37.65817046056299,0.3399156445800523
No pretraining,149,-51.458577500726975,0.5114362477002818
No pretraining,150,-37.27029460466551,0.512494757007632
No pretraining,151,-43.7775107083369,0.5269900353930175
No pretraining,152,-50.53850636087965,0.5876637579368047
No pretraining,153,-31.024066422339565,0.3844157627379931
No pretraining,154,-50.36899645742908,0.6844408595706583
No pretraining,155,-37.256006671886986,0.5092846665877487
No pretraining,156,-35.98574231819261,0.46283724916731633
No pretraining,157,-23.83461366147102,0.3419964269265534
No pretraining,158,-26.459628494050094,0.3220191233770196
No pretraining,159,-28.398321721343642,0.3020462044121489
No pretraining,160,-41.353797801006955,0.494757504721204
No pretraining,161,-26.939125187265653,0.3583420150960639
No pretraining,162,-45.25306451695876,0.44354547786493675
No pretraining,163,-48.29845698119005,0.6815428540031622
No pretraining,164,-40.36294709852597,0.6316467246749315
No pretraining,165,-41.87677198197413,0.8267133941870736
No pretraining,166,-30.813110602522446,0.5184369013826244
No pretraining,167,-37.501067459471955,0.518476479087047
No pretraining,168,-53.76824090420891,0.6429516342805435
No pretraining,169,-31.809828896724014,0.438798503481047
No pretraining,170,-23.54592248582866,0.33936894712266563
No pretraining,171,-47.264980417396444,0.45321640298251564
No pretraining,172,-32.31845050572694,0.42533076012974097
No pretraining,173,-41.453915857599846,0.6182731125321378
No pretraining,174,-52.77245419426639,0.8768837447855444
No pretraining,175,-29.8963937093892,0.49897680167033076
No pretraining,176,-33.315412181063934,0.5160112314218891
No pretraining,177,-43.85175372077511,0.65996259805237
No pretraining,178,-43.07279098013973,0.7364703142165973
No pretraining,179,-41.42217024434812,0.6346613734255436
No pretraining,180,-32.14796453776618,0.3623947464098156
No pretraining,181,-31.64170064439037,0.42262613888787814
No pretraining,182,-32.28913405280965,0.2772655265199288
No pretraining,183,-37.93953388892463,0.5206290312422837
No pretraining,184,-37.96815342687421,0.6052431711673634
No pretraining,185,-28.096234531428426,0.4897820320454364
No pretraining,186,-43.85622671942224,0.5135943792866562
No pretraining,187,-49.57520083061327,0.9773521179824718
No pretraining,188,-43.400527882201345,0.8335123046144192
No pretraining,189,-26.277049176029077,0.482353142302193
No pretraining,190,-39.95030010765235,0.4844717613733648
No pretraining,191,-41.29399135482332,0.6718939959851293
No pretraining,192,-35.54972395090078,0.45810251900707744
No pretraining,193,-36.13472210567014,0.6480439016883391
No pretraining,194,-43.071971609319775,0.6092933537917431
No pretraining,195,-40.33416168078308,0.5913583354501353
No pretraining,196,-38.49919395667874,0.6469865451366864
No pretraining,197,-31.295359850335487,0.4219291088412631
No pretraining,198,-28.225261037370224,0.39814322315362827
No pretraining,199,-31.571996153769113,0.5564415434960841
No pretraining,200,-34.87856501422254,0.5706963822335938
