path_kind,dim,method,runs,final_mse_mean,final_mse_std,final_mse_median,final_mse_q25,final_mse_q75,final_mse_ci_low,final_mse_ci_high,query_averaged_mse_mean,query_averaged_mse_std,query_averaged_mse_median,query_averaged_mse_q25,query_averaged_mse_q75,query_averaged_mse_ci_low,query_averaged_mse_ci_high,tail_mse_mean,tail_mse_std,tail_mse_median,tail_mse_q25,tail_mse_q75,tail_mse_ci_low,tail_mse_ci_high,queries_to_threshold_mean,queries_to_threshold_std,queries_to_threshold_median,queries_to_threshold_q25,queries_to_threshold_q75,queries_to_threshold_ci_low,queries_to_threshold_ci_high,mean_gradient_cosine_mean,mean_gradient_cosine_std,mean_gradient_cosine_median,mean_gradient_cosine_q25,mean_gradient_cosine_q75,mean_gradient_cosine_ci_low,mean_gradient_cosine_ci_high,updates_mean,updates_std,updates_median,updates_q25,updates_q75,updates_ci_low,updates_ci_high,maximum_gradient_norm_mean,maximum_gradient_norm_std,maximum_gradient_norm_median,maximum_gradient_norm_q25,maximum_gradient_norm_q75,maximum_gradient_norm_ci_low,maximum_gradient_norm_ci_high,failed_mean,failed_std,failed_median,failed_q25,failed_q75,failed_ci_low,failed_ci_high
linear,5,CoordinateCentral,30,0.00019157144103203937,2.369065498609524e-05,0.0001912218717509972,0.00017900314683745122,0.00021200009919016823,0.00018325802573768415,0.00019969482360594962,0.005444760562743599,1.215063580387379e-05,0.005442673073103033,0.005436300847317475,0.005452104929448449,0.005440462043243042,0.0054490039781850364,0.0001945912989706495,1.0600269594702086e-05,0.00019482249293397097,0.00018856366464182553,0.00020235139814078022,0.00019087737720546735,0.0001982695748420105,350.0,0.0,350.0,350.0,350.0,350.0,350.0,0.87079095919468,0.00268924745630975,0.870026643906213,0.869226587678113,0.8729578662845661,0.8698342819247139,0.8717549724385285,1000.0,0.0,1000.0,1000.0,1000.0,1000.0,1000.0,3.2758482067512813,0.007643324641722655,3.276035093417486,3.2724096399668063,3.2809186510442068,3.2731635225178937,3.2785686163129513,0.0,0.0,0.0,0.0,0.0,0.0,0.0
linear,5,FirstOrderReference,30,1.935797614159249e-06,4.30756595923134e-22,1.9357976141592487e-06,1.9357976141592487e-06,1.9357976141592487e-06,1.935797614159249e-06,1.935797614159249e-06,0.002512248119184051,8.821895084505784e-19,0.002512248119184052,0.002512248119184052,0.002512248119184052,0.002512248119184051,0.002512248119184051,1.9357976141594618e-06,4.30756595923134e-22,1.935797614159462e-06,1.935797614159462e-06,1.935797614159462e-06,1.9357976141594618e-06,1.9357976141594618e-06,50.0,0.0,50.0,50.0,50.0,50.0,50.0,0.9993271045030949,0.0,0.9993271045030949,0.9993271045030949,0.9993271045030949,0.9993271045030949,0.9993271045030949,10000.0,0.0,10000.0,10000.0,10000.0,10000.0,10000.0,3.2733657862972754,4.516810283266961e-16,3.273365786297275,3.273365786297275,3.273365786297275,3.2733657862972754,3.2733657862972754,0.0,0.0,0.0,0.0,0.0,0.0,0.0
linear,5,Gaussian-m1,30,9.506009686899639e-06,7.828160107372303e-06,6.170678634281735e-06,3.32448678166717e-06,1.4938366520483927e-05,6.867212005645364e-06,1.240247307266002e-05,0.0025866644726732987,9.526019731957576e-05,0.0025526372513161788,0.0025244469426153426,0.0025911341031983888,0.002556445264644526,0.0026237894080274587,8.99274977270454e-06,1.142874339565283e-06,8.85409310030281e-06,8.553538076154272e-06,9.574396998564751e-06,8.583756075661117e-06,9.400832456684094e-06,71.66666666666667,25.200346649686544,50.0,50.0,100.0,63.333333333333336,80.0,0.2953822338852793,0.0036045306278885904,0.2958467004908498,0.2925787172685582,0.2981132908865349,0.2940631856321299,0.29662460492935466,5000.0,0.0,5000.0,5000.0,5000.0,5000.0,5000.0,10.401724947909305,1.843911437659301,10.091903311079534,9.289204491592747,11.67264902007663,9.75115629285005,11.087839658907575,0.0,0.0,0.0,0.0,0.0,0.0,0.0
linear,5,Gaussian-m20,30,0.00013614215771502145,4.1566173789395345e-05,0.00012740492467626363,0.00011193619468528908,0.00015092533933715234,0.00012219624626761292,0.0001511136706218011,0.005368288696787031,0.0011573700953433836,0.005342063368773642,0.004399203310491992,0.006252107763928422,0.004974854468119481,0.005800761391853471,0.00017291338988097564,1.310421280566238e-05,0.00017073807656661102,0.0001641504067722579,0.00018024707584816306,0.00016848470684309867,0.00017732826854512828,283.3333333333333,80.22955570857539,275.0,200.0,350.0,255.0,311.70833333333314,0.8729473799769791,0.004272958174994888,0.8725383905742389,0.8700516189206333,0.8755950336980549,0.8714663781965565,0.8743978979049283,250.0,0.0,250.0,250.0,250.0,250.0,250.0,3.5541728436183737,0.88125745987646,3.3071217953677525,3.130584583197177,3.9023638289161457,3.263744062196897,3.885656277621259,0.0,0.0,0.0,0.0,0.0,0.0,0.0
linear,5,Gaussian-m5,30,1.1984057780127367e-05,6.937645880592518e-06,1.1225880404195217e-05,7.17838368759019e-06,1.3348719267946518e-05,9.615374474128329e-06,1.4395476642687854e-05,0.002845466174927152,0.0005646965270777258,0.0027064652999372984,0.0025976061403522903,0.0028712065364579877,0.0026979533019408624,0.0030806350558947536,1.2611344988230618e-05,1.6078225089550712e-06,1.2463960918449555e-05,1.1666866237019253e-05,1.3479078418846753e-05,1.2067366151383742e-05,1.3183384802212725e-05,98.33333333333333,27.802670838376777,100.0,100.0,100.0,88.33333333333333,108.33333333333333,0.6450311160585238,0.004728165998643965,0.6448917718302107,0.6425474034659446,0.6487176380370994,0.6433872642847137,0.6467262825122752,1000.0,0.0,1000.0,1000.0,1000.0,1000.0,1000.0,4.7780610650955095,1.7482111491401944,4.430777946134741,3.2845551597073426,5.875873438114208,4.165034266698886,5.400056390819841,0.0,0.0,0.0,0.0,0.0,0.0,0.0
linear,5,SPSA-m1,30,4.264819258546266e-06,2.840458334303496e-06,4.084622378656366e-06,2.442752839141628e-06,5.171657798815339e-06,3.320204780734873e-06,5.3424802863930995e-06,0.0025891930326431205,0.00013547277987469272,0.0025352895382318875,0.0025155871377841796,0.0025812796698596605,0.002548578810070076,0.0026369613416118358,4.20458907598758e-06,5.106732167512757e-07,4.2377356378607164e-06,3.882508473905422e-06,4.398195111204938e-06,4.019326610160626e-06,4.385542957342129e-06,70.0,24.91364395612199,50.0,50.0,100.0,61.666666666666664,78.33333333333333,0.32486144166034736,0.004819177508052069,0.3245071268270138,0.3230199822709897,0.32778235549921475,0.3231396624912407,0.32658068441596716,5000.0,0.0,5000.0,5000.0,5000.0,5000.0,5000.0,10.106415653363866,1.6145814441319501,10.013474116137235,9.161442128517185,11.506917891173893,9.546621305091636,10.68613797377481,0.0,0.0,0.0,0.0,0.0,0.0,0.0
linear,10,CoordinateCentral,30,0.0006194797696355716,5.179389408582165e-05,0.0006138412711486665,0.0005789886578135376,0.0006604244408431694,0.0006011208996186952,0.0006375936847278078,0.010505426517625639,2.339966273869304e-05,0.01050510703814532,0.010487795441664892,0.010521850515049997,0.01049694177767363,0.010513605789424812,0.0006274042007387983,2.3328308611926024e-05,0.0006296844398316927,0.0006122383496842902,0.0006371922743110406,0.000619540582844659,0.0006355449454744118,570.0,24.91364395612199,550.0,550.0,600.0,561.6666666666666,578.3333333333334,0.9235463981218003,0.001332296010381888,0.9235247048684254,0.9227617612683108,0.9244542438580927,0.92308432435758,0.9240016461074856,500.0,0.0,500.0,500.0,500.0,500.0,500.0,3.3846044410232574,0.006746750098451898,3.383851656995467,3.3811168904110014,3.38996819883093,3.382162019038097,3.3870119704890143,0.0,0.0,0.0,0.0,0.0,0.0,0.0
linear,10,FirstOrderReference,30,1.5065012055555218e-06,2.15378297961567e-22,1.5065012055555216e-06,1.5065012055555216e-06,1.5065012055555216e-06,1.5065012055555218e-06,1.5065012055555218e-06,0.0025070889398571636,8.821895084505784e-19,0.0025070889398571628,0.0025070889398571628,0.0025070889398571628,0.0025070889398571636,0.0025070889398571636,1.5065012055554265e-06,2.15378297961567e-22,1.5065012055554263e-06,1.5065012055554263e-06,1.5065012055554263e-06,1.5065012055554265e-06,1.5065012055554265e-06,50.0,0.0,50.0,50.0,50.0,50.0,50.0,0.99909853114599,2.2584051416334807e-16,0.9990985311459902,0.9990985311459902,0.9990985311459902,0.99909853114599,0.99909853114599,10000.0,0.0,10000.0,10000.0,10000.0,10000.0,10000.0,3.382340412218412,0.0,3.382340412218412,3.382340412218412,3.382340412218412,3.382340412218412,3.382340412218412,0.0,0.0,0.0,0.0,0.0,0.0,0.0
linear,10,Gaussian-m1,30,2.171958315067136e-05,1.2654338285268581e-05,2.0075208555850463e-05,1.4173517966137852e-05,2.5682680047518097e-05,1.7471141954035755e-05,2.644020920002703e-05,0.0032040127015420137,0.000460769476258338,0.0030830158152637824,0.0028925611556057857,0.003417726710961277,0.0030531063938524883,0.003363132569214934,2.266172997545661e-05,2.550255496602574e-06,2.2270039677909787e-05,2.088327969906308e-05,2.4843760651557623e-05,2.1762364922601217e-05,2.3537109203042823e-05,130.0,28.1620923987523,150.0,100.0,150.0,120.0,140.0,0.21761143124068477,0.0022747133646685426,0.21721635816165502,0.21621050470268605,0.21892715748340733,0.21683646761002362,0.21839167149741837,5000.0,0.0,5000.0,5000.0,5000.0,5000.0,5000.0,16.570636575457243,2.4303164287548875,16.378790168682265,14.501163779292913,18.887311540615727,15.728469604547712,17.38883451098378,0.0,0.0,0.0,0.0,0.0,0.0,0.0
linear,10,Gaussian-m20,30,0.00012484736890983213,3.595758715232578e-05,0.00011953504490796077,9.634719410849446e-05,0.0001488827548445316,0.00011233746742216727,0.00013734629595895984,0.006020817586362316,0.0018787827979766015,0.005605553307112345,0.004920768683985841,0.006774376141461703,0.005400247857878649,0.006685382227137031,0.00015481004684423627,2.3194478752462728e-05,0.00015027849140632595,0.0001355323167184627,0.00017035451930257154,0.00014711842368398014,0.0001635976115718187,260.0,57.834484403398086,250.0,200.0,300.0,240.0,280.0,0.7212511019966301,0.0076423114397667115,0.7204022427127734,0.7156188386512534,0.7253041978589607,0.7185536966409461,0.7240302959449646,250.0,0.0,250.0,250.0,250.0,250.0,250.0,3.9044935876911158,0.6542532659675484,3.962045931786153,3.478771830519017,4.3568730596834575,3.6603075020193008,4.1348202733136,0.0,0.0,0.0,0.0,0.0,0.0,0.0
linear,10,Gaussian-m5,30,3.279159020966374e-05,1.528348903965549e-05,2.7642936357691894e-05,2.3149335389322805e-05,4.129922682277597e-05,2.7582800321535505e-05,3.8211066535589007e-05,0.0037386887775745586,0.0004544674542182494,0.003776136042283525,0.0033346644409587857,0.003934254218292814,0.0035790766671408803,0.0039041380321932313,3.517734665112204e-05,4.611279706989271e-06,3.448089544449858e-05,3.19115528352201e-05,3.789859763519935e-05,3.360226164511758e-05,3.6881484230239444e-05,173.33333333333334,36.51483716701107,150.0,150.0,200.0,160.0,186.66666666666666,0.5277668714503148,0.003639728789092381,0.527264256916919,0.5247744725477713,0.5311656171808147,0.5264635096421376,0.5290719020289817,1000.0,0.0,1000.0,1000.0,1000.0,1000.0,1000.0,5.89781017971607,1.6051407042792232,5.42122890214779,4.7412185819017925,6.760104102269931,5.350225049296306,6.465737007519658,0.0,0.0,0.0,0.0,0.0,0.0,0.0
linear,10,SPSA-m1,30,1.0160414518894696e-05,5.3317472624082934e-06,9.752226963588976e-06,6.23568519359717e-06,1.233458231666592e-05,8.355864268235779e-06,1.2182209613718186e-05,0.0033741943766019997,0.0006017866671030852,0.003187239847503757,0.002932344040921636,0.0036521315422432593,0.003170679068865804,0.0036050149518920176,1.1538466696988945e-05,1.363666427828673e-06,1.1306290195844954e-05,1.0539346426310302e-05,1.2142442044130937e-05,1.1079663319991946e-05,1.2028412274903538e-05,133.33333333333334,30.323921743156138,150.0,100.0,150.0,121.66666666666667,143.33333333333334,0.24697965372429567,0.0021378867257684678,0.24729111892515127,0.24571305664554055,0.2484555502754362,0.24622022067924842,0.24767922127628236,5000.0,0.0,5000.0,5000.0,5000.0,5000.0,5000.0,15.821268684479568,3.6248794755869906,14.701054876706095,13.371487647925155,16.836456329550384,14.603660309392342,17.0767932053444,0.0,0.0,0.0,0.0,0.0,0.0,0.0
linear,20,CoordinateCentral,30,0.003534661945820851,0.00012582601376984694,0.0035642107560417595,0.0034602474428237816,0.003608298804589621,0.003489503786683573,0.0035768792482314266,0.02294102688152946,4.0169907505472836e-05,0.022934648781937468,0.022918043123065897,0.022957890844576702,0.02292718416101544,0.02295545055912228,0.0036472629476005857,8.911329341507048e-05,0.00363571101661533,0.003593974834790754,0.0037027373103975707,0.003615566167047178,0.0036781761120021116,1146.6666666666667,12.68540658512312,1150.0,1150.0,1150.0,1141.6666666666667,1150.0,0.9575003855113892,0.0007820275179494122,0.9575073818942952,0.957093503409493,0.9579646186334628,0.9572230412220626,0.957781101753341,250.0,0.0,250.0,250.0,250.0,250.0,250.0,3.0138167395828472,0.006589631383396463,3.0138202434069807,3.0103670256244897,3.0182319133209035,3.0114872936838735,3.016167695866208,0.0,0.0,0.0,0.0,0.0,0.0,0.0
linear,20,FirstOrderReference,30,2.184390650922678e-06,4.30756595923134e-22,2.1843906509226776e-06,2.1843906509226776e-06,2.1843906509226776e-06,2.184390650922678e-06,2.184390650922678e-06,0.002512331694797711,4.410947542252892e-19,0.0025123316947977107,0.0025123316947977107,0.0025123316947977107,0.002512331694797711,0.002512331694797711,2.1843906509226386e-06,0.0,2.1843906509226386e-06,2.1843906509226386e-06,2.1843906509226386e-06,2.1843906509226386e-06,2.1843906509226386e-06,50.0,0.0,50.0,50.0,50.0,50.0,50.0,0.9988397258842195,2.2584051416334807e-16,0.9988397258842193,0.9988397258842193,0.9988397258842193,0.9988397258842195,0.9988397258842195,10000.0,0.0,10000.0,10000.0,10000.0,10000.0,10000.0,3.0139374681374407,4.516810283266961e-16,3.0139374681374402,3.0139374681374402,3.0139374681374402,3.0139374681374407,3.0139374681374407,0.0,0.0,0.0,0.0,0.0,0.0,0.0
linear,20,Gaussian-m1,30,8.220596148635206e-05,2.981151681059804e-05,7.23118784106858e-05,5.5965887594954665e-05,0.00010854671990704828,7.19560957795075e-05,9.336176313524348e-05,0.005579391583858607,0.0012268308787149503,0.0055178674479599114,0.004970876083603139,0.006079194876400144,0.005124757822263019,0.006024921500903534,7.497437888527003e-05,8.262812447487024e-06,7.43366718113364e-05,6.97811888638744e-05,7.711124433097619e-05,7.228184508598425e-05,7.78894680436393e-05,248.33333333333334,46.392874997942435,250.0,200.0,300.0,231.66666666666666,263.3333333333333,0.16004603308035362,0.0019135264902303,0.16010376963418715,0.15921345069361398,0.16103292768814276,0.15936983546658567,0.1607068918061683,5000.0,0.0,5000.0,5000.0,5000.0,5000.0,5000.0,23.90605179899865,3.674711421686455,23.8802588179405,20.42195832499778,26.206141613073967,22.65761173528437,25.163089527609912,0.0,0.0,0.0,0.0,0.0,0.0,0.0
linear,20,Gaussian-m20,30,0.00019793591081435769,6.038626337960733e-05,0.00018629000571556594,0.0001546286991980364,0.00023643596733628403,0.00017757988319658412,0.00022070278693821205,0.009726396971216777,0.00318874085492449,0.009230198158455463,0.007556222497698261,0.010961479810217585,0.008704325699441576,0.010953802976643598,0.00022055900104086406,2.3497819376758198e-05,0.00021460578830322235,0.0002075616175189345,0.00023040350233832156,0.0002126557905060278,0.0002293054762376844,400.0,61.58817620514397,400.0,400.0,400.0,376.6666666666667,421.6666666666667,0.6778519552644603,0.004995777571084942,0.6784513290584903,0.6731470641184185,0.6815854374788209,0.6761402857653196,0.6796121826441698,250.0,0.0,250.0,250.0,250.0,250.0,250.0,4.585526030835697,1.0139401527943976,4.464271638101339,3.874334535337095,5.1281351489689655,4.254699266911102,4.955824744585141,0.0,0.0,0.0,0.0,0.0,0.0,0.0
linear,20,Gaussian-m5,30,0.00011141024255661816,5.001209995339016e-05,0.0001145237989458884,7.384686284636059e-05,0.00013404446994127363,9.388522601524355e-05,0.00012913283196623083,0.007263455853234341,0.001797414528390653,0.006851359193820143,0.005903198448636637,0.008069598983461546,0.006661504599257145,0.00791876453777463,0.00010541807248096754,1.510796043403314e-05,0.00010444159795892566,9.939825969546007e-05,0.0001117828741986067,0.00010055976228757289,0.00011106150632871418,305.0,46.14445085627941,300.0,250.0,350.0,288.3333333333333,321.6666666666667,0.4116268870177637,0.0046047806845095785,0.4115424821301549,0.4077598989903383,0.4149037150196097,0.4100775026318737,0.4132477595111245,1000.0,0.0,1000.0,1000.0,1000.0,1000.0,1000.0,7.7795124759841805,1.5104691899051144,7.459232330825669,6.644269560666888,8.927534680173965,7.261896867406489,8.306171281497628,0.0,0.0,0.0,0.0,0.0,0.0,0.0
linear,20,SPSA-m1,30,6.252741175763217e-05,1.686297421245903e-05,6.20290136652288e-05,4.7908463995149285e-05,7.164391272688443e-05,5.6746897816790926e-05,6.851850476088284e-05,0.0057102943391656134,0.0013523732450844797,0.005198004506517705,0.004705443940577873,0.006785200431391697,0.005252933300002711,0.006207350993421446,6.469347022366158e-05,8.486408925434633e-06,6.31978768681884e-05,5.940556307747671e-05,6.624581219217544e-05,6.184577646901201e-05,6.809295804674927e-05,251.66666666666666,57.95856625468621,250.0,200.0,250.0,231.66666666666666,271.70833333333314,0.16801157334874212,0.0017499558291769939,0.16825136542670693,0.16752933691391747,0.16904576746670805,0.16737749601527188,0.16859737920580223,5000.0,0.0,5000.0,5000.0,5000.0,5000.0,5000.0,24.928923529034353,3.7469927033208035,24.448680742530037,22.125134579169348,27.88069800160332,23.625135027251257,26.215122568660757,0.0,0.0,0.0,0.0,0.0,0.0,0.0
linear,50,CoordinateCentral,30,0.011317782575507841,0.00018333152561356316,0.011300409354191828,0.011194076739985268,0.011407281767130604,0.011255843579422808,0.011382568083445382,0.06699202983718484,0.0001227486064040833,0.06697641203000727,0.06688999968017742,0.06708465085288348,0.06695050404843306,0.06703603127170711,0.011711337002726347,0.0001389173592210122,0.011696934792298982,0.01161519841783489,0.011787417778257016,0.011663684954751558,0.011762346025385983,,,,,,,,0.9839082389897278,0.0002841817752149697,0.9839007223233673,0.9837179524004367,0.9841477134488303,0.9838112283710223,0.9840069297869576,100.0,0.0,100.0,100.0,100.0,100.0,100.0,2.9560556854114646,0.007605738861874236,2.9558573159374397,2.9518329610069745,2.959243841966411,2.9534722946426997,2.9587394255007258,0.0,0.0,0.0,0.0,0.0,0.0,0.0
linear,50,FirstOrderReference,30,1.1535800755436794e-06,0.0,1.1535800755436794e-06,1.1535800755436794e-06,1.1535800755436794e-06,1.1535800755436794e-06,1.1535800755436794e-06,0.0025144668429697573,0.0,0.0025144668429697573,0.0025144668429697573,0.0025144668429697573,0.0025144668429697573,0.0025144668429697573,1.1535800755437692e-06,2.15378297961567e-22,1.153580075543769e-06,1.153580075543769e-06,1.153580075543769e-06,1.1535800755437692e-06,1.1535800755437692e-06,50.0,0.0,50.0,50.0,50.0,50.0,50.0,0.999164100584802,2.2584051416334807e-16,0.9991641005848018,0.9991641005848018,0.9991641005848018,0.999164100584802,0.999164100584802,10000.0,0.0,10000.0,10000.0,10000.0,10000.0,10000.0,2.957079720621665,0.0,2.957079720621665,2.957079720621665,2.957079720621665,2.957079720621665,2.957079720621665,0.0,0.0,0.0,0.0,0.0,0.0,0.0
linear,50,Gaussian-m1,30,0.0002910057888537603,5.6123054839523565e-05,0.00029205699144470396,0.0002523118031438589,0.00031863929630379276,0.0002719767577406182,0.0003127425770781372,0.013092114229432931,0.0019439654768569911,0.013325456018393151,0.011950575134363702,0.014767868494271932,0.012380736526479202,0.013775949817489372,0.00028751762622838777,2.2880073982930135e-05,0.00028560304721208846,0.0002785419249400589,0.0003038314668755401,0.00027938129144117814,0.00029555383177954725,593.3333333333334,67.89105539243627,550.0,550.0,650.0,570.0,618.3333333333334,0.10619076665444308,0.0009682362394966743,0.10615372468248002,0.10536219711148982,0.10691892999428641,0.10586364638797129,0.10654104724326388,5000.0,0.0,5000.0,5000.0,5000.0,5000.0,5000.0,43.986358935793966,7.089834929474612,42.70587008902707,40.507864273383824,46.08849954726429,41.55266756768026,46.487203262934386,0.0,0.0,0.0,0.0,0.0,0.0,0.0
linear,50,Gaussian-m20,30,0.0006547893781893285,9.289703279286313e-05,0.0006498501974063623,0.0005880704042609854,0.0007227082028974417,0.0006220220357508258,0.0006862327684953695,0.017606641238036198,0.0020557138328206608,0.01796153488633697,0.016556323199255783,0.018895673780220806,0.01684330602383201,0.018337678302882254,0.0006856930914708334,7.337303176484404e-05,0.0006929270788960031,0.0006303736344386621,0.0007281981454192319,0.0006593216357038617,0.0007108354973859422,855.0,69.91373995490986,850.0,800.0,900.0,831.6666666666666,880.0,0.5248292734741493,0.003837060181708802,0.5244403219978426,0.5222613451372462,0.5276853053780255,0.523401999449326,0.5261652271551066,250.0,0.0,250.0,250.0,250.0,250.0,250.0,5.784822727582058,0.8896218669817936,5.615967530294308,5.261136285551862,6.21935276057072,5.488036625745754,6.112024254641393,0.0,0.0,0.0,0.0,0.0,0.0,0.0
linear,50,Gaussian-m5,30,0.0003497070747873886,8.007992162744842e-05,0.00036829081405154206,0.00029066055996414497,0.0004068842944752168,0.0003220412242141404,0.00037666476212675274,0.015242368338689598,0.0018764099319931859,0.015023503507006528,0.014506465212811388,0.016528705573999998,0.014613337394608874,0.015900863096509222,0.00033134208190465156,3.6705216344512436e-05,0.0003321459448119554,0.00030355715170703537,0.0003563425430982414,0.0003178068046011677,0.0003439902398265637,656.6666666666666,61.213776527687045,650.0,612.5,700.0,635.0,676.6666666666666,0.27773612640215284,0.0023787315284112564,0.2779658893020125,0.2764697033000423,0.2790693492302417,0.2768815122178141,0.2785770397313791,1000.0,0.0,1000.0,1000.0,1000.0,1000.0,1000.0,12.370383879256687,1.7938248389341611,12.155586096237807,11.562127410856391,13.445179311575721,11.791977669264217,13.014185290683365,0.0,0.0,0.0,0.0,0.0,0.0,0.0
linear,50,SPSA-m1,30,0.00022595096011924682,6.620255182487601e-05,0.00023325326036290994,0.00018477180884990323,0.00027079034186224655,0.00020252582179535912,0.0002498958618078644,0.01308573591662216,0.0020408996495201353,0.013083726955601985,0.011181194808544978,0.01474051059015355,0.012385841305721703,0.013783755821787138,0.0002464972531033845,2.3745630455838713e-05,0.00024902337475160954,0.000229778640927318,0.000261943215208229,0.00023833033123823416,0.0002558022562416127,600.0,62.97235299224025,600.0,550.0,650.0,578.3333333333334,623.3333333333334,0.11298742174239984,0.001147443813216994,0.11316510195736415,0.11226424404177533,0.11367833942511861,0.11259837754456979,0.11340516196998053,5000.0,0.0,5000.0,5000.0,5000.0,5000.0,5000.0,41.96640659938904,6.72819088163156,41.93099996674073,37.06671273574936,46.99431909358757,39.63450509057892,44.390465899554854,0.0,0.0,0.0,0.0,0.0,0.0,0.0
linear,100,CoordinateCentral,30,0.051724692879030844,0.0003571587707354466,0.05171974531410038,0.05145857135457997,0.05195377887262506,0.05159884612610311,0.051845521799834364,0.12791416675149456,0.0002414381046308425,0.12789479420071012,0.12775295277087295,0.12812754823856065,0.12783332557485874,0.12799943587965396,0.052390382349273006,0.0003093800933310401,0.05234765253084184,0.05223557692236776,0.05258614827684181,0.05227751364357616,0.052507541282091494,,,,,,,,0.9907373785950171,0.00021710840792181835,0.9907403431736141,0.9906141759883051,0.9908773079607296,0.9906607913754025,0.9908158141418435,50.0,0.0,50.0,50.0,50.0,50.0,50.0,3.1796997862040035,0.007798927809259867,3.1803250081660885,3.1744029845651967,3.1843228146600624,3.177019448158482,3.1823531496145856,0.0,0.0,0.0,0.0,0.0,0.0,0.0
linear,100,FirstOrderReference,30,1.5207214428522138e-06,2.15378297961567e-22,1.5207214428522136e-06,1.5207214428522136e-06,1.5207214428522136e-06,1.5207214428522138e-06,1.5207214428522138e-06,0.002504703856268084,8.821895084505784e-19,0.0025047038562680847,0.0025047038562680847,0.0025047038562680847,0.002504703856268084,0.002504703856268084,1.5207214428523711e-06,2.15378297961567e-22,1.5207214428523713e-06,1.5207214428523713e-06,1.5207214428523713e-06,1.5207214428523711e-06,1.5207214428523711e-06,50.0,0.0,50.0,50.0,50.0,50.0,50.0,0.9991063506342349,2.2584051416334807e-16,0.9991063506342347,0.9991063506342347,0.9991063506342347,0.9991063506342349,0.9991063506342349,10000.0,0.0,10000.0,10000.0,10000.0,10000.0,10000.0,3.1797828182624417,9.033620566533923e-16,3.1797828182624426,3.1797828182624426,3.1797828182624426,3.1797828182624417,3.1797828182624417,0.0,0.0,0.0,0.0,0.0,0.0,0.0
linear,100,Gaussian-m1,30,0.0011991095220224316,0.0002534976319953399,0.0011543314535437262,0.0010394689813303115,0.0012550843280957804,0.0011102759137658503,0.0012903069763125477,0.025314252677029265,0.0024772348587514675,0.02486603456053387,0.02368955025702478,0.027136215096403446,0.024432288087131184,0.02614285279888168,0.0012036259733975247,0.00014943374001183258,0.001185293421148607,0.0010798383096782406,0.0012729075507050586,0.0011533445100578644,0.001254757428160016,1178.3333333333333,72.73396651535973,1175.0,1150.0,1200.0,1153.3333333333333,1205.0,0.07739277013278464,0.000990598857712051,0.07720312371168075,0.07662750682466166,0.07819607802018934,0.07703894235152371,0.07773287190993891,5000.0,0.0,5000.0,5000.0,5000.0,5000.0,5000.0,70.5471115607747,8.916477568514367,70.39906403595432,63.6193492914324,76.57322514236564,67.3979163896632,73.81918049299556,0.0,0.0,0.0,0.0,0.0,0.0,0.0
linear,100,Gaussian-m20,30,0.0030275605504985663,0.00038070760917848233,0.0029715201433697467,0.00277051947866215,0.0032805866363711175,0.00289717052785442,0.003155884968714054,0.03232826653683039,0.0029271364208435925,0.0326761727493855,0.0300681354108943,0.0340143472083248,0.031232374164003193,0.03334990795982357,0.0031405616600611004,0.0002552250390716904,0.003108675710144568,0.0029493941980263567,0.003293094805813823,0.0030514050276294184,0.0032288398407450966,1550.0,131.96133184932728,1550.0,1450.0,1600.0,1503.3333333333333,1598.3333333333333,0.40336332049744095,0.003299122586838495,0.40319287336102905,0.4011852377106565,0.40538025185373405,0.40225182041555246,0.40450755212733563,250.0,0.0,250.0,250.0,250.0,250.0,250.0,8.078060798443598,0.9351250692413016,7.873164594397593,7.461129240147743,9.04590769320463,7.742891907318178,8.391103609736351,0.0,0.0,0.0,0.0,0.0,0.0,0.0
linear,100,Gaussian-m5,30,0.0012627625977495247,0.00026369584505863937,0.0012191665043285403,0.0010601647163149444,0.0014554268336427125,0.0011776414935013584,0.0013553284795754601,0.0267062224117811,0.0022945055375457727,0.02690803483301231,0.025073024890163907,0.02820812152948948,0.025911430361803094,0.027510572102903294,0.001243387575069962,0.00014985980403824784,0.0012538161501970345,0.001119396399998358,0.0013662022525361987,0.0011940615055237387,0.0012977597117077785,1213.3333333333333,115.17103722764658,1200.0,1150.0,1287.5,1173.3333333333333,1255.0,0.20397042574576554,0.0019471032282088368,0.20409364713590233,0.2027686652834889,0.2052611680081065,0.20328677669440628,0.20464279913993313,1000.0,0.0,1000.0,1000.0,1000.0,1000.0,1000.0,19.47784342066623,3.1280788142129516,19.084655391339293,17.520666992052888,21.12451733957098,18.373548912561095,20.592351901104966,0.0,0.0,0.0,0.0,0.0,0.0,0.0
linear,100,SPSA-m1,30,0.0011021047112332945,0.0002020047897908305,0.0010668904211481767,0.0009219959178231956,0.001247550449326476,0.0010335393642224933,0.0011720414847805978,0.02587292409688415,0.002350089802312583,0.025596972598122877,0.024151509743764822,0.0276941631960195,0.025057400666639636,0.02670552578480514,0.0011016424510718527,0.00010182060533084984,0.0010837078714577221,0.0010355007404928205,0.0011811987926170506,0.001064527943165525,0.0011372587586945821,1191.6666666666667,95.66764787834344,1175.0,1150.0,1250.0,1158.3333333333333,1226.6666666666667,0.07985556435072075,0.000933234476709174,0.07963771340004502,0.0794069368666729,0.08030568685258647,0.07953068925102263,0.0801987879929412,5000.0,0.0,5000.0,5000.0,5000.0,5000.0,5000.0,70.97750051139701,11.157709245618262,69.49084257532968,63.077242592635656,79.10260226002411,67.23394016250253,75.05401532076374,0.0,0.0,0.0,0.0,0.0,0.0,0.0
linear,200,CoordinateCentral,30,0.15005375335984186,0.0006077371289406367,0.1499959273018506,0.1495370002214672,0.15051880319102467,0.14984109312213748,0.1502689137902855,0.28460186331004317,0.0004067159079609798,0.28472631594457426,0.2844032578269448,0.2848658894552237,0.28445018778043557,0.2847386144926674,0.15968980946361053,0.000524350312684612,0.15965334719247887,0.15934983321304477,0.16005655817822295,0.15951010565033472,0.1598865051309164,,,,,,,,0.9934826463727133,0.00010278077223301004,0.9934637019378045,0.9934141330234959,0.9935571813212974,0.993444967133606,0.9935175469786066,25.0,0.0,25.0,25.0,25.0,25.0,25.0,3.1435094043004006,0.006243606799285284,3.1444563471271887,3.1402323431297225,3.1472327124267965,3.141236698705793,3.1456764397951003,0.0,0.0,0.0,0.0,0.0,0.0,0.0
linear,200,FirstOrderReference,30,1.167971788532487e-06,4.30756595923134e-22,1.1679717885324867e-06,1.1679717885324867e-06,1.1679717885324867e-06,1.167971788532487e-06,1.167971788532487e-06,0.0025060318242408255,8.821895084505784e-19,0.0025060318242408263,0.0025060318242408263,0.0025060318242408263,0.0025060318242408255,0.0025060318242408255,1.1679717885325082e-06,0.0,1.1679717885325082e-06,1.1679717885325082e-06,1.1679717885325082e-06,1.1679717885325082e-06,1.1679717885325082e-06,50.0,0.0,50.0,50.0,50.0,50.0,50.0,0.999194835827314,0.0,0.999194835827314,0.999194835827314,0.999194835827314,0.999194835827314,0.999194835827314,10000.0,0.0,10000.0,10000.0,10000.0,10000.0,10000.0,3.1437918066968353,4.516810283266961e-16,3.143791806696835,3.143791806696835,3.143791806696835,3.1437918066968353,3.1437918066968353,0.0,0.0,0.0,0.0,0.0,0.0,0.0
linear,200,Gaussian-m1,30,0.004088183713269525,0.0005269311016422567,0.003960711217422823,0.0037526538791426457,0.004550544577034364,0.003910767160831948,0.004280565612767455,0.053595609835452626,0.002670704653254843,0.05268927531010846,0.05196552487392272,0.054506087218372225,0.052721909448495065,0.05456801785939608,0.004054827623667544,0.0003206493982742539,0.003975956377584586,0.0038036034832589554,0.00432986553228335,0.003946256324119775,0.004167342823848803,2608.3333333333335,175.71692229722552,2600.0,2512.5,2737.5,2548.3333333333335,2668.375,0.05565574568819262,0.0005730482086698637,0.05573089041262376,0.055335464225409844,0.055945269661663424,0.055465471433772846,0.05585379758729098,5000.0,0.0,5000.0,5000.0,5000.0,5000.0,5000.0,112.15342329370226,16.792431144533463,107.35846732887356,99.23221419061086,117.42490346459059,106.52280784937987,117.9194227537093,0.0,0.0,0.0,0.0,0.0,0.0,0.0
linear,200,Gaussian-m20,30,0.009872353878365447,0.0011790650997805,0.009589451535517025,0.008975577676208848,0.010488658374702229,0.00947068380479333,0.010300963125073328,0.06866852470000355,0.004052595379523446,0.06860879791019263,0.06532345854851054,0.07185935753466488,0.06727555506869373,0.07001802596103626,0.01045276518641219,0.0009499072039280403,0.010598119235412401,0.009863082841949667,0.011137357001220309,0.010112805710340154,0.010762646079851413,5812.5,1583.808408259684,5425.0,4900.0,5912.5,5278.571428571428,6393.080357142856,0.29766639139593404,0.0032913317206371873,0.2972424319701762,0.29577301555883695,0.2990956785599671,0.2965260614977661,0.29885380802198286,250.0,0.0,250.0,250.0,250.0,250.0,250.0,11.717979098458898,1.1708159819214545,11.699623578793164,10.854796855927777,12.297051470151434,11.311437876814201,12.132667485917988,0.0,0.0,0.0,0.0,0.0,0.0,0.0
linear,200,Gaussian-m5,30,0.00409344917713597,0.00044884882911674673,0.0040027129054507156,0.003740969939793546,0.004450789781881749,0.003931884174500021,0.00425496323599811,0.05510441191282097,0.004452226709946353,0.054907972208368655,0.05144312265505221,0.058208208127376884,0.053561005773325905,0.056644487075075335,0.004174566458866298,0.00032330184024522216,0.004129859064424356,0.003951795436775232,0.004442333858899252,0.0040662800414799005,0.0042884287692435364,2661.6666666666665,245.8915282765165,2675.0,2550.0,2787.5,2576.6666666666665,2751.6666666666665,0.14698121077599102,0.001433555110005852,0.14710124764342805,0.1466797704922212,0.14792718339842958,0.14644379760294593,0.14747110778235745,1000.0,0.0,1000.0,1000.0,1000.0,1000.0,1000.0,28.357829406544408,2.9087937939130226,28.167395582554896,25.601364327170472,30.601271783249302,27.3564022555786,29.39741735416122,0.0,0.0,0.0,0.0,0.0,0.0,0.0
linear,200,SPSA-m1,30,0.003891810746453736,0.00047891997499430997,0.0037751133058219685,0.0035856426667752106,0.004248277730317302,0.0037301678261004337,0.004069393230677333,0.05350552662713871,0.003361749868634388,0.05324898159733293,0.05164847133236883,0.05508242936438669,0.0523633074531386,0.05471938819264329,0.003945659590217461,0.0003819597934595859,0.0039977560569852445,0.0036286363618950306,0.004270679075751344,0.00380338005789193,0.004074990730854118,2558.3333333333335,176.69539996224037,2550.0,2450.0,2650.0,2496.6666666666665,2623.3333333333335,0.05637330213014155,0.0007478811058175154,0.05644932077523731,0.0559540412037315,0.056903179255597264,0.0561151072468594,0.05662896830948677,5000.0,0.0,5000.0,5000.0,5000.0,5000.0,5000.0,109.42357482652133,13.901422806197045,107.70071028702944,100.00152918149183,118.64247680532797,104.62279547041712,114.43697918434691,0.0,0.0,0.0,0.0,0.0,0.0,0.0
stationary,5,CoordinateCentral,30,2.8354858371562246e-06,1.6153940323470148e-06,2.6858342976826823e-06,1.6798951866257167e-06,3.428217893977597e-06,2.291654690445748e-06,3.4226084267595352e-06,0.005141829575840131,1.1742026144664274e-05,0.005139537648492508,0.005135867904936142,0.005148117370182634,0.005137895509035237,0.0051460183384569496,2.227392747359816e-06,4.6434108909083335e-07,2.2849998772774817e-06,1.9004936542706494e-06,2.481833871256657e-06,2.0768444561059868e-06,2.3967725120462623e-06,350.0,0.0,350.0,350.0,350.0,350.0,350.0,0.2906772021333263,0.008092223860877032,0.2914898609375386,0.2843367491436304,0.29554420806787457,0.28788656836925314,0.2935549577670054,1000.0,0.0,1000.0,1000.0,1000.0,1000.0,1000.0,3.272727784095778,0.007123035520626001,3.2731165204717323,3.2677325317778627,3.276543368384367,3.270307064750248,3.2753764751080907,0.0,0.0,0.0,0.0,0.0,0.0,0.0
stationary,5,FirstOrderReference,30,0.0,0.0,0.0,0.0,0.0,0.0,0.0,0.002509887250700254,0.0,0.002509887250700254,0.002509887250700254,0.002509887250700254,0.002509887250700254,0.002509887250700254,6.217873426294718e-287,0.0,6.217873426294718e-287,6.217873426294718e-287,6.217873426294718e-287,6.217873426294718e-287,6.217873426294718e-287,50.0,0.0,50.0,50.0,50.0,50.0,50.0,1.0,0.0,1.0,1.0,1.0,1.0,1.0,10000.0,0.0,10000.0,10000.0,10000.0,10000.0,10000.0,3.2733657862972754,4.516810283266961e-16,3.273365786297275,3.273365786297275,3.273365786297275,3.2733657862972754,3.2733657862972754,0.0,0.0,0.0,0.0,0.0,0.0,0.0
stationary,5,Gaussian-m1,30,6.9024033213758106e-06,3.5557888736637233e-06,6.799877174782465e-06,3.9926159960129745e-06,9.053311161929046e-06,5.650918563524168e-06,8.166468424902036e-06,0.0026249011507010695,0.00020108932454979272,0.0025734665010526863,0.0025187234755903853,0.002619855541955637,0.0025675450230809947,0.0027049924539689647,6.533491089776745e-06,6.715705751500418e-07,6.732829128637469e-06,6.006531637551793e-06,6.97346564570788e-06,6.292011081487379e-06,6.765208002317882e-06,80.0,31.07277331329327,100.0,50.0,100.0,69.95833333333333,91.66666666666667,0.2792835022081806,0.0038402273259827203,0.279436556818128,0.27687107174441716,0.2821002465088781,0.2779316029760975,0.28058958523682354,5000.0,0.0,5000.0,5000.0,5000.0,5000.0,5000.0,10.07909520167256,1.7530062649242109,9.78108364149534,9.124697286534047,11.154963302212959,9.484538050607428,10.720273236966225,0.0,0.0,0.0,0.0,0.0,0.0,0.0
stationary,5,Gaussian-m20,30,4.29382140524304e-06,3.574174871919097e-06,3.240726456688001e-06,1.8453607029460199e-06,5.3565955933616146e-06,3.1669916658914057e-06,5.619559212937616e-06,0.004957679542596006,0.0012132392514114985,0.004950289568688711,0.004134205395704443,0.005511452855282638,0.004526870425564213,0.00540598294267573,4.354613228889755e-06,8.411474802051968e-07,4.1409849617995786e-06,3.6467608334730875e-06,4.696791118606523e-06,4.077696428882878e-06,4.663007003044729e-06,278.3333333333333,81.66725310603422,275.0,200.0,350.0,250.0,306.6666666666667,0.5504771782170237,0.013828016678442329,0.5478648668719622,0.5396756244882513,0.5595055546540364,0.5457676467204193,0.5552238364732116,250.0,0.0,250.0,250.0,250.0,250.0,250.0,3.5364624992117952,0.7216592589456524,3.4753181689043986,2.998911768142711,4.009905831019512,3.2867811087673773,3.784536080207213,0.0,0.0,0.0,0.0,0.0,0.0,0.0
stationary,5,Gaussian-m5,30,2.6029349969107667e-06,1.7405014210517324e-06,1.9526642223366236e-06,1.4451921544783905e-06,3.2747516596251675e-06,2.0677466401762022e-06,3.2145790614662805e-06,0.002739782703732581,0.00019810199775462779,0.0026931489444820362,0.002601373551496512,0.002818275645250294,0.0026720501375991257,0.0028178427286963204,2.7704460813817226e-06,2.8682245765729126e-07,2.7641244992707485e-06,2.6255590109700387e-06,2.9580432183910473e-06,2.6706830847245293e-06,2.868562569439317e-06,93.33333333333333,25.370813170246244,100.0,100.0,100.0,85.0,101.66666666666667,0.5293633720914076,0.008129602261068512,0.5297135319354842,0.5239378220397283,0.533102039439999,0.5264745586438213,0.5321452379213264,1000.0,0.0,1000.0,1000.0,1000.0,1000.0,1000.0,4.7950351364619745,1.3724040750392288,4.8606531514364395,3.6105382923329032,5.456308352169705,4.335057448342308,5.268316704856867,0.0,0.0,0.0,0.0,0.0,0.0,0.0
stationary,5,SPSA-m1,30,1.4287264484324186e-06,1.2581107420540637e-06,9.502414747875572e-07,6.881059193949907e-07,1.6746635683459137e-06,1.03634125497185e-06,1.9460287352418023e-06,0.0025794737074129976,0.00010886786224561036,0.0025322775912626477,0.002512477069706065,0.002586658950555339,0.002544717865736847,0.0026193462279029273,1.2913884537056483e-06,1.4656542115719633e-07,1.307263439892639e-06,1.1942244618138395e-06,1.3605040762928912e-06,1.2402584315245026e-06,1.3432020329723947e-06,66.66666666666667,23.973165074269204,50.0,50.0,100.0,58.333333333333336,75.0,0.28033633386886625,0.004827870368337163,0.28065648004435817,0.27694767081168903,0.28397066604312426,0.2786570995604653,0.2820998063496831,5000.0,0.0,5000.0,5000.0,5000.0,5000.0,5000.0,10.618569958241785,1.7843605891680596,10.647918709844296,9.237942113424133,12.247338382046529,10.007089374813516,11.248659180795165,0.0,0.0,0.0,0.0,0.0,0.0,0.0
stationary,10,CoordinateCentral,30,4.465399569531756e-06,2.391748073998114e-06,4.1574144275022805e-06,2.748203156547985e-06,5.718079938126281e-06,3.63800261713315e-06,5.335328389123959e-06,0.0100919782271363,1.77434088840611e-05,0.01008770302136371,0.010082229628345922,0.010097952471360612,0.010086004012704961,0.010098105738033934,4.614323783476748e-06,9.819222626401582e-07,4.56216506044104e-06,3.977415417533814e-06,5.125298123637379e-06,4.275733068896869e-06,4.975855217660999e-06,600.0,0.0,600.0,600.0,600.0,600.0,600.0,0.3414699253764996,0.006146431193720091,0.3413728875427658,0.3373140615362652,0.3447903029574316,0.3393650759921381,0.34361548282581755,500.0,0.0,500.0,500.0,500.0,500.0,500.0,3.3821374311792036,0.0063890500988227385,3.3821893839258586,3.3767881094704952,3.3869307859104474,3.3799497310395337,3.3844052440934287,0.0,0.0,0.0,0.0,0.0,0.0,0.0
stationary,10,FirstOrderReference,30,0.0,0.0,0.0,0.0,0.0,0.0,0.0,0.002505923596343597,8.821895084505784e-19,0.002505923596343598,0.002505923596343598,0.002505923596343598,0.002505923596343597,0.002505923596343597,2.771561095535411e-287,0.0,2.7715610955354113e-287,2.7715610955354113e-287,2.7715610955354113e-287,2.771561095535411e-287,2.771561095535411e-287,50.0,0.0,50.0,50.0,50.0,50.0,50.0,1.0,0.0,1.0,1.0,1.0,1.0,1.0,10000.0,0.0,10000.0,10000.0,10000.0,10000.0,10000.0,3.382340412218412,0.0,3.382340412218412,3.382340412218412,3.382340412218412,3.382340412218412,3.382340412218412,0.0,0.0,0.0,0.0,0.0,0.0,0.0
stationary,10,Gaussian-m1,30,1.3152367893599017e-05,1.0115617266124354e-05,1.2300452484846144e-05,6.649895098720347e-06,1.494911191745194e-05,9.876010372095103e-06,1.6875763699222903e-05,0.0032088760031646194,0.0004327065770394473,0.00312718889240742,0.0029248185431103337,0.003421843483394635,0.0030584831394308187,0.0033655353236124895,1.1723441833206799e-05,1.2322857482801928e-06,1.1927399180931273e-05,1.1239478778561854e-05,1.2585423511910158e-05,1.1293017480895334e-05,1.2141764123134319e-05,133.33333333333334,33.044727612563335,150.0,100.0,150.0,121.66666666666667,145.0,0.1987559771083218,0.00278950966563569,0.19917688865454458,0.19708311190652286,0.20079589393014724,0.19767393591084925,0.199703676253537,5000.0,0.0,5000.0,5000.0,5000.0,5000.0,5000.0,18.120902817781666,3.4679247092013226,17.52219080360292,16.013389527075795,19.850199581338934,16.949353160189723,19.35941954930792,0.0,0.0,0.0,0.0,0.0,0.0,0.0
stationary,10,Gaussian-m20,30,1.8606594207178976e-05,1.0600170394947862e-05,1.651087717180064e-05,8.77711121087433e-06,2.588982222245531e-05,1.507816991404352e-05,2.2382237727407387e-05,0.006405900429354864,0.0014909621226163797,0.006337444819557494,0.005489043865847025,0.0075555444898650174,0.005893794026873381,0.006926841554411402,1.820985514221976e-05,2.6087071648992545e-06,1.8248511388759723e-05,1.7017469614051866e-05,1.954193505017909e-05,1.7346732801249697e-05,1.914107290115235e-05,268.3333333333333,53.309980519490956,250.0,250.0,300.0,248.33333333333334,286.6666666666667,0.5678601150891827,0.009583576803136424,0.5694187385687337,0.563449709450281,0.5725411304682737,0.5643069654495072,0.571276366482321,250.0,0.0,250.0,250.0,250.0,250.0,250.0,4.209040338411012,0.8913512337616636,4.058392030337319,3.73120532100784,4.510718332414822,3.9023648543811817,4.526201970980559,0.0,0.0,0.0,0.0,0.0,0.0,0.0
stationary,10,Gaussian-m5,30,3.7456350535522894e-06,1.8962860910681072e-06,3.54067891645659e-06,2.4697791020216657e-06,5.030587603140643e-06,3.103421070491794e-06,4.4111982501595645e-06,0.003633877915970818,0.0007447379289616884,0.0034520519847326923,0.003168892314035484,0.003976337828719813,0.0034008553285603685,0.00391705203697842,4.07874262324866e-06,4.4342571206348343e-07,4.115883156237333e-06,3.706254392591853e-06,4.389680798531545e-06,3.926598847902943e-06,4.238229343148499e-06,163.33333333333334,31.9841914974746,150.0,150.0,200.0,153.33333333333334,175.0,0.3772407437711802,0.007497645692626919,0.37546601720616185,0.37159117455299223,0.3796519912698454,0.37471674399987176,0.3799164990945088,1000.0,0.0,1000.0,1000.0,1000.0,1000.0,1000.0,6.381622877753277,1.5985499076155036,6.322662951905794,5.203176458574665,6.901914509808996,5.8496745603148055,6.969453944705098,0.0,0.0,0.0,0.0,0.0,0.0,0.0
stationary,10,SPSA-m1,30,1.0152813309779733e-06,4.6916809048566436e-07,9.426774920009243e-07,7.682538146553071e-07,1.3079832334670947e-06,8.493512636286063e-07,1.1886650619495218e-06,0.003325352355516743,0.0006145153756780873,0.0031780801540872454,0.0028456013287481105,0.003485819126467291,0.003135217184316157,0.003551236934877106,1.2004501748601561e-06,9.363518926125973e-08,1.1792713031209996e-06,1.1315239855152529e-06,1.27192384670727e-06,1.16737630572412e-06,1.2339099206284228e-06,126.66666666666667,31.440511241492825,150.0,100.0,150.0,116.66666666666667,138.33333333333334,0.19869129376847186,0.00285387719947342,0.19879884612630186,0.19703290376730984,0.20048947404999248,0.19771177723321035,0.19963750629299795,5000.0,0.0,5000.0,5000.0,5000.0,5000.0,5000.0,15.319403920138829,2.3466730355955883,15.07146312179933,13.465730190090703,17.090258447108976,14.50741412296362,16.123454974061953,0.0,0.0,0.0,0.0,0.0,0.0,0.0
stationary,20,CoordinateCentral,30,8.04002027423125e-06,2.4158272078869717e-06,7.303068109405185e-06,6.180992050930531e-06,9.809120658769712e-06,7.2659786553997705e-06,8.925945600320456e-06,0.02156319055098904,4.270825327437374e-05,0.021566020413277633,0.021534354516835563,0.02158717207637342,0.02154800168465977,0.021578518574160918,8.44495048343437e-06,1.3289323012806685e-06,8.202969540799697e-06,7.298608821190508e-06,9.256931847583969e-06,8.001797458052084e-06,8.931182549964206e-06,1320.0,24.91364395612199,1300.0,1300.0,1350.0,1311.6666666666667,1328.3333333333333,0.44614715095695584,0.0059634166420182285,0.4469084074424398,0.441906298752781,0.45075891443246985,0.4440565489609789,0.4483248078672809,250.0,0.0,250.0,250.0,250.0,250.0,250.0,3.0149395365138782,0.007121239572145912,3.015744938396665,3.0097132042190786,3.0187163084703674,3.0125994091164947,3.0175038691362444,0.0,0.0,0.0,0.0,0.0,0.0,0.0
stationary,20,FirstOrderReference,30,0.0,0.0,0.0,0.0,0.0,0.0,0.0,0.0025107012439038634,4.410947542252892e-19,0.002510701243903864,0.002510701243903864,0.002510701243903864,0.0025107012439038634,0.0025107012439038634,6.564144829611648e-287,0.0,6.564144829611647e-287,6.564144829611647e-287,6.564144829611647e-287,6.564144829611648e-287,6.564144829611648e-287,50.0,0.0,50.0,50.0,50.0,50.0,50.0,1.0,0.0,1.0,1.0,1.0,1.0,1.0,10000.0,0.0,10000.0,10000.0,10000.0,10000.0,10000.0,3.0139374681374407,4.516810283266961e-16,3.0139374681374402,3.0139374681374402,3.0139374681374402,3.0139374681374407,3.0139374681374407,0.0,0.0,0.0,0.0,0.0,0.0,0.0
stationary,20,Gaussian-m1,30,1.9421252545168482e-05,7.56907700076476e-06,1.826468094630497e-05,1.4754849121855388e-05,2.3089212918389485e-05,1.683012743589647e-05,2.201778900150636e-05,0.005498119447302181,0.0014348774901306567,0.005502055647807235,0.0045559803263418895,0.0062312747263855335,0.0050394313853023235,0.006000790763592532,2.349448204230992e-05,1.5840231776655363e-06,2.3493060098314658e-05,2.2892569377154705e-05,2.4562799858057774e-05,2.289916310270467e-05,2.407068365071552e-05,251.66666666666666,46.39287499794244,250.0,250.0,300.0,235.0,266.6666666666667,0.14102642273642668,0.001870440028702826,0.14092686896081008,0.14001243931894797,0.1417642715162221,0.14041457321046108,0.1416584142360528,5000.0,0.0,5000.0,5000.0,5000.0,5000.0,5000.0,24.520535545189407,4.0142771454876405,25.00153918209905,22.197253819896204,27.467218972606197,23.099223449369628,25.805817535977905,0.0,0.0,0.0,0.0,0.0,0.0,0.0
stationary,20,Gaussian-m20,30,9.43862292978882e-06,3.6848516465914634e-06,9.581305079647705e-06,7.006992879116587e-06,1.1895275299221576e-05,8.172674162115622e-06,1.0728068308103885e-05,0.009099182054502475,0.0017087273254023537,0.008742708844341744,0.008232387740622325,0.009718065488954368,0.008506560671355733,0.009725243935778807,1.1222355261569866e-05,1.1639390337191517e-06,1.1273307906436098e-05,1.0304711120752597e-05,1.1887225387112313e-05,1.0828337387487e-05,1.1641515157742095e-05,393.3333333333333,76.26330673412338,400.0,350.0,437.5,366.6666666666667,418.3333333333333,0.5697316568865888,0.006405622751382821,0.5696199096202619,0.5651200046951232,0.5739189917679315,0.5674397813516029,0.5720291878000298,250.0,0.0,250.0,250.0,250.0,250.0,250.0,4.41841546136935,0.9907572053771707,4.454900332202001,3.6509615152076282,5.1779308670595015,4.084574298671533,4.776143635007418,0.0,0.0,0.0,0.0,0.0,0.0,0.0
stationary,20,Gaussian-m5,30,3.797022653629482e-05,1.8135225357051015e-05,3.500425513725274e-05,2.623252929487246e-05,4.449563061636417e-05,3.190805118145985e-05,4.467352052889099e-05,0.007514614573527,0.001887087708991163,0.007640466923933092,0.006366863060311278,0.00876246686022762,0.0068850342368446775,0.008187562490740949,3.401782379080482e-05,4.247724359000281e-06,3.331836172583766e-05,3.173390613322411e-05,3.560177961929622e-05,3.262224425010182e-05,3.5631047781546845e-05,303.3333333333333,57.13464637233658,300.0,250.0,350.0,283.3333333333333,323.3333333333333,0.38104863810587347,0.004216850841382452,0.3808968494808039,0.3773330999630798,0.38373021113394223,0.3796548661450313,0.3825508310068319,1000.0,0.0,1000.0,1000.0,1000.0,1000.0,1000.0,8.137267865316463,1.5708519505927536,7.985208760041386,7.053885667031695,8.750838661661586,7.568673311773208,8.688344348380562,0.0,0.0,0.0,0.0,0.0,0.0,0.0
stationary,20,SPSA-m1,30,1.0033052208055011e-05,3.714011017000227e-06,9.377641167430445e-06,7.39806799369323e-06,1.25856278473765e-05,8.848999238236063e-06,1.1368331538884325e-05,0.00531456270546619,0.0008463152790085772,0.00515191105578069,0.004794772083500499,0.005811608358519882,0.005007320881416276,0.005605815064960791,1.0607811231051684e-05,9.767484351310355e-07,1.0401657513746321e-05,9.97734455605077e-06,1.1328870971573705e-05,1.026813460429154e-05,1.09421481685046e-05,243.33333333333334,40.9653624363343,250.0,200.0,250.0,230.0,256.70833333333314,0.14093906396117373,0.0020448790905612225,0.1409620220217946,0.13991963331187776,0.1419669376091252,0.14023464973545402,0.1416958672976766,5000.0,0.0,5000.0,5000.0,5000.0,5000.0,5000.0,25.396303383806757,5.389162813016712,24.017543080998955,21.760607704987265,27.714338210414937,23.614349767437293,27.311780632037888,0.0,0.0,0.0,0.0,0.0,0.0,0.0
stationary,50,CoordinateCentral,30,5.6945702465156374e-05,1.4300878499575737e-05,5.5567786677210995e-05,4.5419715789048056e-05,6.722639381602249e-05,5.2356033139378196e-05,6.20388747664645e-05,0.05962243341267821,0.0001099127639621573,0.05963547365723278,0.05959608584544821,0.05968059913137888,0.059581525196719665,0.05966070405042983,0.00011518410127784895,1.9471770458856023e-05,0.00011229642964375209,9.940854346499646e-05,0.00013370564684172615,0.00010839727910640007,0.00012216223057616465,3603.3333333333335,18.25741858350553,3600.0,3600.0,3600.0,3600.0,3610.0,0.6980115426434196,0.004575353203775259,0.6978852138552813,0.6950512778487641,0.7010567775776319,0.6964642552439376,0.6995973139588675,100.0,0.0,100.0,100.0,100.0,100.0,100.0,2.9589119136036817,0.007530764709786002,2.9592611247043825,2.9538755393200318,2.9642883461353606,2.9562216495144695,2.9613774427682378,0.0,0.0,0.0,0.0,0.0,0.0,0.0
stationary,50,FirstOrderReference,30,0.0,0.0,0.0,0.0,0.0,0.0,0.0,0.0025133976756326884,4.410947542252892e-19,0.002513397675632688,0.002513397675632688,0.002513397675632688,0.0025133976756326884,0.0025133976756326884,4.877655796989735e-287,0.0,4.877655796989734e-287,4.877655796989734e-287,4.877655796989734e-287,4.877655796989735e-287,4.877655796989735e-287,50.0,0.0,50.0,50.0,50.0,50.0,50.0,1.0,0.0,1.0,1.0,1.0,1.0,1.0,10000.0,0.0,10000.0,10000.0,10000.0,10000.0,10000.0,2.957079720621665,0.0,2.957079720621665,2.957079720621665,2.957079720621665,2.957079720621665,2.957079720621665,0.0,0.0,0.0,0.0,0.0,0.0,0.0
stationary,50,Gaussian-m1,30,5.8063740318071084e-05,1.3320303861255506e-05,5.873865373902194e-05,4.7183686092008997e-05,6.493622767956786e-05,5.343370685021698e-05,6.257892474636248e-05,0.013807277185186347,0.0019297600250485565,0.013704177068987486,0.012787352328466147,0.014675470800598306,0.013075304005364836,0.01445250595890238,5.588476178999412e-05,4.061180691533928e-06,5.605312182952512e-05,5.23946020802954e-05,5.814575194217525e-05,5.4437269325236755e-05,5.727236169792203e-05,601.6666666666666,59.427343836001114,600.0,550.0,637.5,581.6666666666666,621.708333333333,0.09001462567194848,0.0010544894725531152,0.08992642489445872,0.08933710958301411,0.0908745317186849,0.08965343095836886,0.09040072899655471,5000.0,0.0,5000.0,5000.0,5000.0,5000.0,5000.0,40.97214248058936,6.075889788143484,40.206397430706105,36.18695992078722,45.11318732494141,38.84368583731222,43.241014481702706,0.0,0.0,0.0,0.0,0.0,0.0,0.0
stationary,50,Gaussian-m20,30,1.9270814190145138e-05,4.3343985651621485e-06,1.904733034996432e-05,1.575306991333706e-05,2.2440963897840687e-05,1.7808065526729865e-05,2.0805847328355126e-05,0.01804453838714929,0.0026803188018382383,0.01798905439826999,0.0163182140359265,0.01983135520110524,0.01714218577081344,0.01902138447319766,1.894184789536756e-05,1.5836569874720874e-06,1.893573017836249e-05,1.798750660622586e-05,1.995908955198645e-05,1.8401746685907358e-05,1.947033471901637e-05,873.3333333333334,98.02650357071221,850.0,800.0,950.0,839.9583333333334,908.3333333333334,0.3798511637822614,0.005608430082133072,0.37979951427238867,0.37599837745782033,0.38557955531431504,0.377818474292556,0.38174451405018395,250.0,0.0,250.0,250.0,250.0,250.0,250.0,6.032133111374618,1.2126832627934652,5.7440260869075095,5.183880008444695,6.643537924708207,5.616600173427853,6.467040079620327,0.0,0.0,0.0,0.0,0.0,0.0,0.0
stationary,50,Gaussian-m5,30,6.234707780784807e-05,1.5622204585289475e-05,6.174480163440265e-05,5.205197683306209e-05,6.942756946947846e-05,5.713643624634402e-05,6.809573124560799e-05,0.013257485880588093,0.0021137159627731485,0.013265700437756607,0.011868224182167611,0.014886128435279831,0.012511745033595121,0.013964518787520037,6.493370777717042e-05,6.2395359968900765e-06,6.431702410586809e-05,6.032015868506866e-05,6.770190004780688e-05,6.280498225813104e-05,6.702932132686113e-05,626.6666666666666,67.89105539243629,650.0,600.0,650.0,605.0,651.6666666666666,0.242855157111124,0.002669104875227294,0.24241936810235018,0.2410448036065152,0.24443643799303744,0.24192221356127316,0.24379062525375653,1000.0,0.0,1000.0,1000.0,1000.0,1000.0,1000.0,11.986609023846164,1.6129246960691908,12.2491827072927,10.81365798376557,12.988857105815852,11.418315667669878,12.60046331695697,0.0,0.0,0.0,0.0,0.0,0.0,0.0
stationary,50,SPSA-m1,30,1.1369032434600095e-06,2.6235324845058743e-07,1.1347709191394832e-06,9.282320275754696e-07,1.3326150785514392e-06,1.044475485012181e-06,1.2308442646649524e-06,0.012274822251332787,0.0018640312439631363,0.012140543340233522,0.010970386528890678,0.013542092368830666,0.011631259433568329,0.012951287520161947,1.0905935915660693e-06,9.220139070898901e-08,1.0883428124690738e-06,1.017812694522116e-06,1.1341763533897442e-06,1.0588341739271404e-06,1.1247774338819373e-06,581.6666666666666,54.90325870193821,600.0,550.0,600.0,561.6666666666666,601.6666666666666,0.09174081847641288,0.0011771140327850615,0.09191898056051137,0.09069387009191818,0.09258307911471493,0.09133723112633943,0.09213159194831234,5000.0,0.0,5000.0,5000.0,5000.0,5000.0,5000.0,44.777854964643254,8.605126787704227,42.65710663219947,39.93974723570474,46.72831971804114,41.90167093302949,47.85270999481442,0.0,0.0,0.0,0.0,0.0,0.0,0.0
stationary,100,CoordinateCentral,30,0.0006966528088829768,4.2971264220970656e-05,0.0006898158075293701,0.0006706371986230807,0.0007239555869532469,0.0006819169114493819,0.0007117892113892837,0.09908651589729736,0.0001708674663919961,0.09904362341450224,0.09896833854336523,0.09919755121508522,0.09902806540341001,0.09914791272938629,0.0012653480600247741,5.677451942943426e-05,0.001264464393396207,0.0012274096217291626,0.0012868686323794986,0.0012458003571705924,0.0012861441900051962,5373.333333333333,69.14918072835208,5400.0,5400.0,5400.0,5346.666666666667,5393.333333333333,0.8548983448815427,0.0028158989797349757,0.8545733296108708,0.8526491586294185,0.8567751468569658,0.8539372755325164,0.8559048170831522,50.0,0.0,50.0,50.0,50.0,50.0,50.0,3.18158424889367,0.00687500389891534,3.1804348957850106,3.1764560014746244,3.1845328632691827,3.179190426622869,3.184229484561477,0.0,0.0,0.0,0.0,0.0,0.0,0.0
stationary,100,FirstOrderReference,30,0.0,0.0,0.0,0.0,0.0,0.0,0.0,0.0025032780684987508,8.821895084505784e-19,0.0025032780684987516,0.0025032780684987516,0.0025032780684987516,0.0025032780684987508,0.0025032780684987508,2.289469315386435e-289,0.0,2.289469315386435e-289,2.289469315386435e-289,2.289469315386435e-289,2.289469315386435e-289,2.289469315386435e-289,50.0,0.0,50.0,50.0,50.0,50.0,50.0,1.0,0.0,1.0,1.0,1.0,1.0,1.0,10000.0,0.0,10000.0,10000.0,10000.0,10000.0,10000.0,3.1797828182624417,9.033620566533923e-16,3.1797828182624426,3.1797828182624426,3.1797828182624426,3.1797828182624417,3.1797828182624417,0.0,0.0,0.0,0.0,0.0,0.0,0.0
stationary,100,Gaussian-m1,30,0.00011633006242435408,2.305937101933309e-05,0.00010939348200929012,0.00010229997972347912,0.00013186071272415568,0.00010867416090473329,0.0001245032989478991,0.02398792095657408,0.002664703069959005,0.023430783237320563,0.022449773601740344,0.02584268765186587,0.02302348970604427,0.02493729851592594,0.00011414757637962132,6.800766442731138e-06,0.0001123612364982987,0.00010964495165505465,0.00011766320953972927,0.00011179765382743483,0.00011663071189436587,1153.3333333333333,104.16609195243757,1150.0,1100.0,1200.0,1116.6666666666667,1190.0,0.06560491854750274,0.0009010938519328238,0.06548013555362545,0.06501838550219388,0.06613414141388442,0.06528996453409444,0.06593012425666722,5000.0,0.0,5000.0,5000.0,5000.0,5000.0,5000.0,74.64188722114982,11.386665784242911,73.0754457718067,70.3571017679817,79.91858621258439,70.71319061078408,78.63659456285944,0.0,0.0,0.0,0.0,0.0,0.0,0.0
stationary,100,Gaussian-m20,30,3.635154882319956e-05,5.457538296009455e-06,3.652141820757083e-05,3.240258017757775e-05,4.046283219261607e-05,3.440856380424618e-05,3.8213054828246044e-05,0.029900047964126153,0.0021820672107480616,0.0300753530883597,0.02828729366888393,0.03120737433014291,0.029082749105979275,0.0306325126067561,3.4689265547639446e-05,2.8342371811926445e-06,3.403382107239053e-05,3.277970683669183e-05,3.6782608899338287e-05,3.3717665900202725e-05,3.570042786566746e-05,1521.6666666666667,109.6100716909352,1525.0,1412.5,1600.0,1483.3333333333333,1560.0,0.29260896086424926,0.003822908612818792,0.2923894708396646,0.29054898034280197,0.2942223683592418,0.29132769195912905,0.29396651872992585,250.0,0.0,250.0,250.0,250.0,250.0,250.0,8.473835229182118,1.1031818138720622,8.082272674355824,7.7851980150396285,9.0459751085866,8.120037627757057,8.888723568858849,0.0,0.0,0.0,0.0,0.0,0.0,0.0
stationary,100,Gaussian-m5,30,0.00012032594512065014,2.084500037932172e-05,0.00011709097207598457,0.00010693689176783282,0.00012829676818418853,0.0001130762551069612,0.00012762129330707043,0.025782089446508706,0.002588831480152025,0.02591299997448366,0.0251058473728168,0.026983073402548824,0.0248728591172587,0.026639400309085254,0.00012014089616855233,9.408755899846736e-06,0.00012074532915406944,0.00011360620999500612,0.0001263852564910381,0.00011684464771178181,0.0001233949931826636,1205.0,91.30283071488925,1200.0,1150.0,1250.0,1173.3333333333333,1236.6666666666667,0.17555544201166545,0.0021466775533151724,0.17539126227236926,0.17403089308795228,0.17748995862527128,0.174781416150447,0.17631223363744408,1000.0,0.0,1000.0,1000.0,1000.0,1000.0,1000.0,19.623222100594948,2.003028426108922,19.4722917160653,18.175807239428156,21.026879058332355,18.91866603344234,20.38051297773161,0.0,0.0,0.0,0.0,0.0,0.0,0.0
stationary,100,SPSA-m1,30,1.1060956681777247e-06,1.5405145305508616e-07,1.1138334472046814e-06,1.031951492505083e-06,1.2315070316562008e-06,1.0511024617496198e-06,1.1581006091459308e-06,0.025370689118704992,0.0028216982149333668,0.025594257997104027,0.024021566784995868,0.026958082732928122,0.02434954938236939,0.02636520150395241,1.1294514963138492e-06,6.522298778185104e-08,1.1366882768365068e-06,1.0689560530581225e-06,1.169006230442905e-06,1.1067046883913622e-06,1.151463638613366e-06,1175.0,81.73759528367971,1175.0,1150.0,1200.0,1148.3333333333333,1206.6666666666667,0.06768329639328595,0.0006593918587407083,0.06768400254374879,0.067176697421115,0.06808485231832544,0.06746260525643022,0.0679186470803633,5000.0,0.0,5000.0,5000.0,5000.0,5000.0,5000.0,71.8108281734919,8.647553471928829,71.02981062797735,66.47017010115836,77.19631120764438,68.82759594710222,74.89599101417363,0.0,0.0,0.0,0.0,0.0,0.0,0.0
stationary,200,CoordinateCentral,30,0.01539269826471895,0.00023239407121532262,0.015450490434368722,0.015241349468351283,0.015535759489485157,0.015312533388375297,0.015467174010633009,0.2058496594346724,0.000312687083602909,0.20584821629347239,0.20558178270620348,0.20605424178633217,0.20574234918390358,0.20596590741291843,0.0225316185660643,0.0002578416224061852,0.022535882565508092,0.022369429128064628,0.022735445762961687,0.02244116477395521,0.022620299823009227,,,,,,,,0.9741056262747372,0.0007810882516510342,0.9742882746066175,0.9738352544838137,0.9746087469352888,0.9738203713008586,0.9743675575750332,25.0,0.0,25.0,25.0,25.0,25.0,25.0,3.1459239033589768,0.006297541734275772,3.1457166103837486,3.1420254745476672,3.150070031939845,3.143618047515748,3.1481582352932027,0.0,0.0,0.0,0.0,0.0,0.0,0.0
stationary,200,FirstOrderReference,30,0.0,0.0,0.0,0.0,0.0,0.0,0.0,0.0025048348268410276,4.410947542252892e-19,0.002504834826841028,0.002504834826841028,0.002504834826841028,0.0025048348268410276,0.0025048348268410276,6.715916650271733e-288,0.0,6.715916650271733e-288,6.715916650271733e-288,6.715916650271733e-288,6.715916650271733e-288,6.715916650271733e-288,50.0,0.0,50.0,50.0,50.0,50.0,50.0,1.0,0.0,1.0,1.0,1.0,1.0,1.0,10000.0,0.0,10000.0,10000.0,10000.0,10000.0,10000.0,3.1437918066968353,4.516810283266961e-16,3.143791806696835,3.143791806696835,3.143791806696835,3.1437918066968353,3.1437918066968353,0.0,0.0,0.0,0.0,0.0,0.0,0.0
stationary,200,Gaussian-m1,30,0.00023137779485842184,2.2992396577659932e-05,0.00023089049200458972,0.0002121224255942719,0.0002480162775413568,0.00022332395388180022,0.0002395889776322013,0.050713201492321655,0.0033911674031413008,0.05011485242843021,0.04829498130975893,0.05284871460823576,0.0494776596522077,0.052046875867282204,0.00022928927656102712,1.746889834791395e-05,0.00023314924524708267,0.0002154013844020371,0.00024310022090611133,0.00022305311701203783,0.00023486105471327392,2328.3333333333335,133.70279272180215,2300.0,2250.0,2437.5,2281.6666666666665,2375.0416666666665,0.04866915165731423,0.0005158414206057498,0.04857562090915919,0.04824748295115553,0.04908151241607525,0.04849222983644136,0.04885223032570591,5000.0,0.0,5000.0,5000.0,5000.0,5000.0,5000.0,108.59330503852281,16.138765869152284,106.24523335589947,96.8339263318602,121.97442430377764,102.77778220132774,114.44277086190162,0.0,0.0,0.0,0.0,0.0,0.0,0.0
stationary,200,Gaussian-m20,30,6.913008364941584e-05,9.089178067921323e-06,6.87986795327636e-05,6.307839861391448e-05,7.324207407919123e-05,6.601593614503615e-05,7.241520078271229e-05,0.05837029829683107,0.0036150669896982107,0.05856668956463458,0.05591429766745085,0.06089167296211612,0.05711240196819666,0.05960975326344543,7.60041875302083e-05,9.766871050338857e-06,7.618421402735887e-05,6.86344867462398e-05,8.186539002306036e-05,7.260662155262034e-05,7.939739200139776e-05,3040.0,173.40405277052028,3000.0,2950.0,3100.0,2983.3333333333335,3101.6666666666665,0.24265225188661474,0.0023862417735882693,0.24260074419908312,0.24125481428786918,0.24446514527086316,0.24180166600687195,0.24344039302550818,250.0,0.0,250.0,250.0,250.0,250.0,250.0,11.736126906214928,1.4134434734437318,11.755720869473489,10.782503374016445,12.562950720907875,11.28459750176792,12.250720776276198,0.0,0.0,0.0,0.0,0.0,0.0,0.0
stationary,200,Gaussian-m5,30,0.00022955821739546146,2.5563925203865214e-05,0.00022789669421643393,0.0002107559018700218,0.00024704108230265675,0.00022075474636023426,0.00023853078549883872,0.051992826914156,0.004139379191327939,0.051672941696699434,0.048786609729683204,0.05381187980014547,0.05058194806368115,0.05352181488360289,0.00023198067500643753,1.8155052716666256e-05,0.00022891931506691625,0.00022076695459880515,0.00024065796459842484,0.00022596212208886703,0.0002385930605949273,2390.0,139.20959142540283,2350.0,2300.0,2500.0,2340.0,2440.0,0.12941421197023015,0.0014298679855129788,0.12964234437030642,0.1283074663595713,0.13008709131658844,0.12890838390529016,0.12989738066807166,1000.0,0.0,1000.0,1000.0,1000.0,1000.0,1000.0,28.128179924232718,3.603667473325268,27.95018590787587,25.364586928981723,30.49873803582685,26.933898541258642,29.473917805645208,0.0,0.0,0.0,0.0,0.0,0.0,0.0
stationary,200,SPSA-m1,30,1.1121762135668754e-06,1.2369730896659033e-07,1.0959631370642188e-06,1.0382754472159632e-06,1.1838256768281858e-06,1.0697690024630508e-06,1.1570396501361956e-06,0.05021510918077578,0.0038078314311001215,0.049816513115248304,0.049001481698033346,0.052121198807887764,0.048932887050791476,0.05151127753314791,1.1477599966871567e-06,8.787150806904791e-08,1.154720487063727e-06,1.0744277625413667e-06,1.2093396116550612e-06,1.1177849204405726e-06,1.180363912671536e-06,2368.3333333333335,139.2611868429949,2400.0,2300.0,2450.0,2318.3333333333335,2415.0,0.051987131741172685,0.0004725981549582114,0.05196903101182025,0.05163180563508479,0.052384295210155,0.05181939246608307,0.0521554919052022,5000.0,0.0,5000.0,5000.0,5000.0,5000.0,5000.0,107.98737600916466,17.193355704353646,102.00918880286605,95.12553153103173,117.30405548615137,102.21623985417986,114.23821185141776,0.0,0.0,0.0,0.0,0.0,0.0,0.0
