dim,method,family,directions,learning_rate,smoothing,dimension_constant,tuning_score,failure_rate,selected
5,FirstOrderReference,first_order,1,0.04,0.0,,0.01254943625350127,0.0,True
5,SPSA-m1,spsa,1,0.010000000000000002,0.03,0.05,0.02543876702355826,0.0,False
5,SPSA-m1,spsa,1,0.010000000000000002,0.1,0.05,0.0254268251359679,0.0,False
5,SPSA-m1,spsa,1,0.010000000000000002,0.3,0.05,0.025424641773889024,0.0,False
5,SPSA-m1,spsa,1,0.020000000000000004,0.03,0.1,0.016759212507501293,0.0,False
5,SPSA-m1,spsa,1,0.020000000000000004,0.1,0.1,0.016740392302444704,0.0,False
5,SPSA-m1,spsa,1,0.020000000000000004,0.3,0.1,0.01673750074237929,0.0,False
5,SPSA-m1,spsa,1,0.04000000000000001,0.03,0.2,0.013579248913967465,0.0,False
5,SPSA-m1,spsa,1,0.04000000000000001,0.1,0.2,0.013543729218495882,0.0,False
5,SPSA-m1,spsa,1,0.04000000000000001,0.3,0.2,0.013539541195641389,0.0,False
5,SPSA-m1,spsa,1,0.08000000000000002,0.03,0.4,0.012931847192449058,0.0,False
5,SPSA-m1,spsa,1,0.08000000000000002,0.1,0.4,0.012805528776275794,0.0,False
5,SPSA-m1,spsa,1,0.08000000000000002,0.3,0.4,0.012791872394225395,0.0,True
5,Gaussian-m1,gaussian,1,0.010000000000000002,0.03,0.05,0.023097375876429353,0.0,False
5,Gaussian-m1,gaussian,1,0.010000000000000002,0.1,0.05,0.02303568321357664,0.0,False
5,Gaussian-m1,gaussian,1,0.010000000000000002,0.3,0.05,0.023024693483873336,0.0,False
5,Gaussian-m1,gaussian,1,0.020000000000000004,0.03,0.1,0.015872647937257088,0.0,False
5,Gaussian-m1,gaussian,1,0.020000000000000004,0.1,0.1,0.015819391027130408,0.0,False
5,Gaussian-m1,gaussian,1,0.020000000000000004,0.3,0.1,0.015817743502713366,0.0,False
5,Gaussian-m1,gaussian,1,0.04000000000000001,0.03,0.2,0.013550717639219282,0.0,False
5,Gaussian-m1,gaussian,1,0.04000000000000001,0.1,0.2,0.013414726853264386,0.0,False
5,Gaussian-m1,gaussian,1,0.04000000000000001,0.3,0.2,0.013407698171434959,0.0,False
5,Gaussian-m1,gaussian,1,0.08000000000000002,0.03,0.4,0.013333817653485522,0.0,False
5,Gaussian-m1,gaussian,1,0.08000000000000002,0.1,0.4,0.012803731583911465,0.0,False
5,Gaussian-m1,gaussian,1,0.08000000000000002,0.3,0.4,0.012761573405088517,0.0,True
5,Gaussian-m5,gaussian,5,0.05,0.03,0.05,0.023912115303951383,0.0,False
5,Gaussian-m5,gaussian,5,0.05,0.1,0.05,0.023899229082675562,0.0,False
5,Gaussian-m5,gaussian,5,0.05,0.3,0.05,0.02390114722049167,0.0,False
5,Gaussian-m5,gaussian,5,0.1,0.03,0.1,0.017109343295137806,0.0,False
5,Gaussian-m5,gaussian,5,0.1,0.1,0.1,0.01705871300282847,0.0,False
5,Gaussian-m5,gaussian,5,0.1,0.3,0.1,0.017057613536316678,0.0,False
5,Gaussian-m5,gaussian,5,0.2,0.03,0.2,0.014885683715019745,0.0,False
5,Gaussian-m5,gaussian,5,0.2,0.1,0.2,0.01465577394133106,0.0,False
5,Gaussian-m5,gaussian,5,0.2,0.3,0.2,0.014635496027970558,0.0,True
5,Gaussian-m5,gaussian,5,0.4,0.03,0.4,inf,1.0,False
5,Gaussian-m5,gaussian,5,0.4,0.1,0.4,inf,1.0,False
5,Gaussian-m5,gaussian,5,0.4,0.3,0.4,inf,1.0,False
5,Gaussian-m20,gaussian,20,0.05,0.03,0.05,0.08662617294156934,0.0,False
5,Gaussian-m20,gaussian,20,0.05,0.1,0.05,0.08660357779669167,0.0,False
5,Gaussian-m20,gaussian,20,0.05,0.3,0.05,0.08659863528595246,0.0,False
5,Gaussian-m20,gaussian,20,0.1,0.03,0.1,0.04620837775022042,0.0,False
5,Gaussian-m20,gaussian,20,0.1,0.1,0.1,0.04619957743621546,0.0,False
5,Gaussian-m20,gaussian,20,0.1,0.3,0.1,0.046200572960174255,0.0,False
5,Gaussian-m20,gaussian,20,0.2,0.03,0.2,0.02624756308971845,0.0,False
5,Gaussian-m20,gaussian,20,0.2,0.1,0.2,0.02622009052412432,0.0,True
5,Gaussian-m20,gaussian,20,0.2,0.3,0.2,0.026221102787407358,0.0,False
5,Gaussian-m20,gaussian,20,0.4,0.03,0.4,0.6940795222595281,0.0,False
5,Gaussian-m20,gaussian,20,0.4,0.1,0.4,0.7307259461590319,0.0,False
5,Gaussian-m20,gaussian,20,0.4,0.3,0.4,0.7415344808905536,0.0,False
5,CoordinateCentral,coordinate,1,0.04,0.1,,0.02573193576315197,0.0,True
10,FirstOrderReference,first_order,1,0.04,0.0,,0.012529617981717988,0.0,True
10,SPSA-m1,spsa,1,0.005000000000000001,0.03,0.05,0.04666876500170999,0.0,False
10,SPSA-m1,spsa,1,0.005000000000000001,0.1,0.05,0.046722565670838094,0.0,False
10,SPSA-m1,spsa,1,0.005000000000000001,0.3,0.05,0.04673898805560041,0.0,False
10,SPSA-m1,spsa,1,0.010000000000000002,0.03,0.1,0.026668729767079968,0.0,False
10,SPSA-m1,spsa,1,0.010000000000000002,0.1,0.1,0.026700751268614896,0.0,False
10,SPSA-m1,spsa,1,0.010000000000000002,0.3,0.1,0.026712259450342418,0.0,False
10,SPSA-m1,spsa,1,0.020000000000000004,0.03,0.2,0.018162301794079287,0.0,False
10,SPSA-m1,spsa,1,0.020000000000000004,0.1,0.2,0.018153481921951837,0.0,False
10,SPSA-m1,spsa,1,0.020000000000000004,0.3,0.2,0.01815672371104805,0.0,False
10,SPSA-m1,spsa,1,0.04000000000000001,0.03,0.4,0.016949560751505076,0.0,False
10,SPSA-m1,spsa,1,0.04000000000000001,0.1,0.4,0.016856248523817237,0.0,False
10,SPSA-m1,spsa,1,0.04000000000000001,0.3,0.4,0.016849382939541222,0.0,True
10,Gaussian-m1,gaussian,1,0.005000000000000001,0.03,0.05,0.042801702884708415,0.0,False
10,Gaussian-m1,gaussian,1,0.005000000000000001,0.1,0.05,0.04280753410588932,0.0,False
10,Gaussian-m1,gaussian,1,0.005000000000000001,0.3,0.05,0.042819750380483704,0.0,False
10,Gaussian-m1,gaussian,1,0.010000000000000002,0.03,0.1,0.02551804520454764,0.0,False
10,Gaussian-m1,gaussian,1,0.010000000000000002,0.1,0.1,0.025421371813380285,0.0,False
10,Gaussian-m1,gaussian,1,0.010000000000000002,0.3,0.1,0.02541822823844323,0.0,False
10,Gaussian-m1,gaussian,1,0.020000000000000004,0.03,0.2,0.018488887031089758,0.0,False
10,Gaussian-m1,gaussian,1,0.020000000000000004,0.1,0.2,0.01821459040393458,0.0,False
10,Gaussian-m1,gaussian,1,0.020000000000000004,0.3,0.2,0.01819642609531829,0.0,False
10,Gaussian-m1,gaussian,1,0.04000000000000001,0.03,0.4,0.019118272149094187,0.0,False
10,Gaussian-m1,gaussian,1,0.04000000000000001,0.1,0.4,0.018196767760403753,0.0,False
10,Gaussian-m1,gaussian,1,0.04000000000000001,0.3,0.4,0.018146222140129793,0.0,True
10,Gaussian-m5,gaussian,5,0.025,0.03,0.05,0.041217260600969065,0.0,False
10,Gaussian-m5,gaussian,5,0.025,0.1,0.05,0.041134083812277525,0.0,False
10,Gaussian-m5,gaussian,5,0.025,0.3,0.05,0.04112176825446566,0.0,False
10,Gaussian-m5,gaussian,5,0.05,0.03,0.1,0.02524776817976663,0.0,False
10,Gaussian-m5,gaussian,5,0.05,0.1,0.1,0.02510799791868701,0.0,False
10,Gaussian-m5,gaussian,5,0.05,0.3,0.1,0.025093932315923793,0.0,False
10,Gaussian-m5,gaussian,5,0.1,0.03,0.2,0.02129292439676906,0.0,False
10,Gaussian-m5,gaussian,5,0.1,0.1,0.2,0.02095182776290972,0.0,False
10,Gaussian-m5,gaussian,5,0.1,0.3,0.2,0.020924032014634154,0.0,True
10,Gaussian-m5,gaussian,5,0.2,0.03,0.4,0.11861124016176487,0.0,False
10,Gaussian-m5,gaussian,5,0.2,0.1,0.4,0.11374172367233268,0.0,False
10,Gaussian-m5,gaussian,5,0.2,0.3,0.4,0.11316335192935265,0.0,False
10,Gaussian-m20,gaussian,20,0.05,0.03,0.05,0.07950887955969169,0.0,False
10,Gaussian-m20,gaussian,20,0.05,0.1,0.05,0.0793794667104861,0.0,False
10,Gaussian-m20,gaussian,20,0.05,0.3,0.05,0.07934765273418129,0.0,False
10,Gaussian-m20,gaussian,20,0.1,0.03,0.1,0.040523045118014425,0.0,False
10,Gaussian-m20,gaussian,20,0.1,0.1,0.1,0.040445786383730614,0.0,False
10,Gaussian-m20,gaussian,20,0.1,0.3,0.1,0.04043559065618974,0.0,False
10,Gaussian-m20,gaussian,20,0.2,0.03,0.2,0.02842030674974757,0.0,False
10,Gaussian-m20,gaussian,20,0.2,0.1,0.2,0.028350879885051316,0.0,True
10,Gaussian-m20,gaussian,20,0.2,0.3,0.2,0.02836453968820401,0.0,False
10,Gaussian-m20,gaussian,20,0.4,0.03,0.4,7749.926592387771,0.0,False
10,Gaussian-m20,gaussian,20,0.4,0.1,0.4,8099.0196458682785,0.0,False
10,Gaussian-m20,gaussian,20,0.4,0.3,0.4,8200.30696646957,0.0,False
10,CoordinateCentral,coordinate,1,0.04,0.1,,0.05045598109268814,0.0,True
20,FirstOrderReference,first_order,1,0.04,0.0,,0.012553506219519317,0.0,True
20,SPSA-m1,spsa,1,0.0025000000000000005,0.03,0.05,0.09900839929950175,0.0,False
20,SPSA-m1,spsa,1,0.0025000000000000005,0.1,0.05,0.09888966580212248,0.0,False
20,SPSA-m1,spsa,1,0.0025000000000000005,0.3,0.05,0.09885679701522215,0.0,False
20,SPSA-m1,spsa,1,0.005000000000000001,0.03,0.1,0.05358336687483249,0.0,False
20,SPSA-m1,spsa,1,0.005000000000000001,0.1,0.1,0.0535081090105239,0.0,False
20,SPSA-m1,spsa,1,0.005000000000000001,0.3,0.1,0.05348904390689779,0.0,False
20,SPSA-m1,spsa,1,0.010000000000000002,0.03,0.2,0.031295842492940366,0.0,False
20,SPSA-m1,spsa,1,0.010000000000000002,0.1,0.2,0.03125259612284105,0.0,False
20,SPSA-m1,spsa,1,0.010000000000000002,0.3,0.2,0.031246383705349594,0.0,False
20,SPSA-m1,spsa,1,0.020000000000000004,0.03,0.4,0.028013050165754415,0.0,False
20,SPSA-m1,spsa,1,0.020000000000000004,0.1,0.4,0.02793825283355226,0.0,True
20,SPSA-m1,spsa,1,0.020000000000000004,0.3,0.4,0.027938915765315108,0.0,False
20,Gaussian-m1,gaussian,1,0.0025000000000000005,0.03,0.05,0.09826413954593313,0.0,False
20,Gaussian-m1,gaussian,1,0.0025000000000000005,0.1,0.05,0.09788655272580385,0.0,False
20,Gaussian-m1,gaussian,1,0.0025000000000000005,0.3,0.05,0.09779913561431808,0.0,False
20,Gaussian-m1,gaussian,1,0.005000000000000001,0.03,0.1,0.05630752912706847,0.0,False
20,Gaussian-m1,gaussian,1,0.005000000000000001,0.1,0.1,0.055952650469832874,0.0,False
20,Gaussian-m1,gaussian,1,0.005000000000000001,0.3,0.1,0.055898946544548266,0.0,False
20,Gaussian-m1,gaussian,1,0.010000000000000002,0.03,0.2,0.03726844058375266,0.0,False
20,Gaussian-m1,gaussian,1,0.010000000000000002,0.1,0.2,0.03664843571621894,0.0,False
20,Gaussian-m1,gaussian,1,0.010000000000000002,0.3,0.2,0.036589787668182404,0.0,False
20,Gaussian-m1,gaussian,1,0.020000000000000004,0.03,0.4,0.032991800905349214,0.0,False
20,Gaussian-m1,gaussian,1,0.020000000000000004,0.1,0.4,0.030969508006190187,0.0,False
20,Gaussian-m1,gaussian,1,0.020000000000000004,0.3,0.4,0.030806356601598344,0.0,True
20,Gaussian-m5,gaussian,5,0.0125,0.03,0.05,0.08947619764921946,0.0,False
20,Gaussian-m5,gaussian,5,0.0125,0.1,0.05,0.08928787034045203,0.0,False
20,Gaussian-m5,gaussian,5,0.0125,0.3,0.05,0.08925482418350086,0.0,False
20,Gaussian-m5,gaussian,5,0.025,0.03,0.1,0.05035811459379789,0.0,False
20,Gaussian-m5,gaussian,5,0.025,0.1,0.1,0.05014181356237683,0.0,False
20,Gaussian-m5,gaussian,5,0.025,0.3,0.1,0.050128577473187,0.0,False
20,Gaussian-m5,gaussian,5,0.05,0.03,0.2,0.03356757383423363,0.0,False
20,Gaussian-m5,gaussian,5,0.05,0.1,0.2,0.03305224132347934,0.0,False
20,Gaussian-m5,gaussian,5,0.05,0.3,0.2,0.03302946050165626,0.0,False
20,Gaussian-m5,gaussian,5,0.1,0.03,0.4,0.034909805169917,0.0,False
20,Gaussian-m5,gaussian,5,0.1,0.1,0.4,0.03235058465072124,0.0,False
20,Gaussian-m5,gaussian,5,0.1,0.3,0.4,0.03219774879061176,0.0,True
20,Gaussian-m20,gaussian,20,0.05,0.03,0.05,0.09808062242433341,0.0,False
20,Gaussian-m20,gaussian,20,0.05,0.1,0.05,0.0981004067392561,0.0,False
20,Gaussian-m20,gaussian,20,0.05,0.3,0.05,0.09812703011067606,0.0,False
20,Gaussian-m20,gaussian,20,0.1,0.03,0.1,0.057065421829384434,0.0,False
20,Gaussian-m20,gaussian,20,0.1,0.1,0.1,0.056814241708350297,0.0,False
20,Gaussian-m20,gaussian,20,0.1,0.3,0.1,0.05679362190263952,0.0,False
20,Gaussian-m20,gaussian,20,0.2,0.03,0.2,0.04769198282416316,0.0,False
20,Gaussian-m20,gaussian,20,0.2,0.1,0.2,0.04659303089672023,0.0,False
20,Gaussian-m20,gaussian,20,0.2,0.3,0.2,0.04645554661083199,0.0,True
20,Gaussian-m20,gaussian,20,0.4,0.03,0.4,inf,0.4,False
20,Gaussian-m20,gaussian,20,0.4,0.1,0.4,inf,0.4,False
20,Gaussian-m20,gaussian,20,0.4,0.3,0.4,inf,0.4,False
20,CoordinateCentral,coordinate,1,0.04,0.1,,0.10721107577306314,0.0,True
50,FirstOrderReference,first_order,1,0.04,0.0,,0.012566988378163441,0.0,True
50,SPSA-m1,spsa,1,0.001,0.03,0.05,0.25159838299862297,0.0,False
50,SPSA-m1,spsa,1,0.001,0.1,0.05,0.2515903510424896,0.0,False
50,SPSA-m1,spsa,1,0.001,0.3,0.05,0.25158892839809355,0.0,False
50,SPSA-m1,spsa,1,0.002,0.03,0.1,0.14380550299011452,0.0,False
50,SPSA-m1,spsa,1,0.002,0.1,0.1,0.14377811377789843,0.0,False
50,SPSA-m1,spsa,1,0.002,0.3,0.1,0.14377237925514236,0.0,False
50,SPSA-m1,spsa,1,0.004,0.03,0.2,0.08496522120808911,0.0,False
50,SPSA-m1,spsa,1,0.004,0.1,0.2,0.08490910332411385,0.0,False
50,SPSA-m1,spsa,1,0.004,0.3,0.2,0.08489835626230074,0.0,False
50,SPSA-m1,spsa,1,0.008,0.03,0.4,0.06534994905923938,0.0,False
50,SPSA-m1,spsa,1,0.008,0.1,0.4,0.06523163497372339,0.0,False
50,SPSA-m1,spsa,1,0.008,0.3,0.4,0.06521696804839269,0.0,True
50,Gaussian-m1,gaussian,1,0.001,0.03,0.05,0.2345595560891208,0.0,False
50,Gaussian-m1,gaussian,1,0.001,0.1,0.05,0.23435930614920428,0.0,False
50,Gaussian-m1,gaussian,1,0.001,0.3,0.05,0.23434418531697565,0.0,False
50,Gaussian-m1,gaussian,1,0.002,0.03,0.1,0.1333607839803032,0.0,False
50,Gaussian-m1,gaussian,1,0.002,0.1,0.1,0.1327908413247272,0.0,False
50,Gaussian-m1,gaussian,1,0.002,0.3,0.1,0.13273506597579646,0.0,False
50,Gaussian-m1,gaussian,1,0.004,0.03,0.2,0.08074034858322754,0.0,False
50,Gaussian-m1,gaussian,1,0.004,0.1,0.2,0.07917233546288217,0.0,False
50,Gaussian-m1,gaussian,1,0.004,0.3,0.2,0.07900806441258683,0.0,False
50,Gaussian-m1,gaussian,1,0.008,0.03,0.4,0.07157094330743094,0.0,False
50,Gaussian-m1,gaussian,1,0.008,0.1,0.4,0.06613094828165633,0.0,False
50,Gaussian-m1,gaussian,1,0.008,0.3,0.4,0.06555546264196058,0.0,True
50,Gaussian-m5,gaussian,5,0.005000000000000001,0.03,0.05,0.22831822824056944,0.0,False
50,Gaussian-m5,gaussian,5,0.005000000000000001,0.1,0.05,0.22695247723047718,0.0,False
50,Gaussian-m5,gaussian,5,0.005000000000000001,0.3,0.05,0.2266019330822921,0.0,False
50,Gaussian-m5,gaussian,5,0.010000000000000002,0.03,0.1,0.12906548530266465,0.0,False
50,Gaussian-m5,gaussian,5,0.010000000000000002,0.1,0.1,0.1274175789107169,0.0,False
50,Gaussian-m5,gaussian,5,0.010000000000000002,0.3,0.1,0.1270446867673238,0.0,False
50,Gaussian-m5,gaussian,5,0.020000000000000004,0.03,0.2,0.08037281809227866,0.0,False
50,Gaussian-m5,gaussian,5,0.020000000000000004,0.1,0.2,0.07818710944499961,0.0,False
50,Gaussian-m5,gaussian,5,0.020000000000000004,0.3,0.2,0.07782090914459025,0.0,False
50,Gaussian-m5,gaussian,5,0.04000000000000001,0.03,0.4,0.07750605416157537,0.0,False
50,Gaussian-m5,gaussian,5,0.04000000000000001,0.1,0.4,0.07190484125403748,0.0,False
50,Gaussian-m5,gaussian,5,0.04000000000000001,0.3,0.4,0.0713358962847547,0.0,True
50,Gaussian-m20,gaussian,20,0.020000000000000004,0.03,0.05,0.24301954414930807,0.0,False
50,Gaussian-m20,gaussian,20,0.020000000000000004,0.1,0.05,0.24331201959236667,0.0,False
50,Gaussian-m20,gaussian,20,0.020000000000000004,0.3,0.05,0.2434356626735564,0.0,False
50,Gaussian-m20,gaussian,20,0.04000000000000001,0.03,0.1,0.1408181558449225,0.0,False
50,Gaussian-m20,gaussian,20,0.04000000000000001,0.1,0.1,0.1406561040377124,0.0,False
50,Gaussian-m20,gaussian,20,0.04000000000000001,0.3,0.1,0.1407127022813038,0.0,False
50,Gaussian-m20,gaussian,20,0.08000000000000002,0.03,0.2,0.09402176723597955,0.0,False
50,Gaussian-m20,gaussian,20,0.08000000000000002,0.1,0.2,0.09256333625076796,0.0,False
50,Gaussian-m20,gaussian,20,0.08000000000000002,0.3,0.2,0.09244141057476184,0.0,True
50,Gaussian-m20,gaussian,20,0.16000000000000003,0.03,0.4,0.18396831303265154,0.0,False
50,Gaussian-m20,gaussian,20,0.16000000000000003,0.1,0.4,0.17282806379743249,0.0,False
50,Gaussian-m20,gaussian,20,0.16000000000000003,0.3,0.4,0.17210662513193947,0.0,False
50,CoordinateCentral,coordinate,1,0.04,0.1,,0.27385896176028107,0.0,True
100,FirstOrderReference,first_order,1,0.04,0.0,,0.012516390342493761,0.0,True
100,SPSA-m1,spsa,1,0.0005,0.03,0.05,0.3513656622835581,0.0,False
100,SPSA-m1,spsa,1,0.0005,0.1,0.05,0.35139481227472524,0.0,False
100,SPSA-m1,spsa,1,0.0005,0.3,0.05,0.35140381008844973,0.0,False
100,SPSA-m1,spsa,1,0.001,0.03,0.1,0.21321961529416272,0.0,False
100,SPSA-m1,spsa,1,0.001,0.1,0.1,0.21322840520994985,0.0,False
100,SPSA-m1,spsa,1,0.001,0.3,0.1,0.21323279233145023,0.0,False
100,SPSA-m1,spsa,1,0.002,0.03,0.2,0.13488992029836827,0.0,False
100,SPSA-m1,spsa,1,0.002,0.1,0.2,0.13485212297300014,0.0,False
100,SPSA-m1,spsa,1,0.002,0.3,0.2,0.13484647602706196,0.0,False
100,SPSA-m1,spsa,1,0.004,0.03,0.4,0.12533344760427198,0.0,False
100,SPSA-m1,spsa,1,0.004,0.1,0.4,0.12523724155262733,0.0,False
100,SPSA-m1,spsa,1,0.004,0.3,0.4,0.12522782851291375,0.0,True
100,Gaussian-m1,gaussian,1,0.0005,0.03,0.05,0.3635352446103057,0.0,False
100,Gaussian-m1,gaussian,1,0.0005,0.1,0.05,0.3627596519497552,0.0,False
100,Gaussian-m1,gaussian,1,0.0005,0.3,0.05,0.3625991520774342,0.0,False
100,Gaussian-m1,gaussian,1,0.001,0.03,0.1,0.2200240233754264,0.0,False
100,Gaussian-m1,gaussian,1,0.001,0.1,0.1,0.2184075979790971,0.0,False
100,Gaussian-m1,gaussian,1,0.001,0.3,0.1,0.21811624731000417,0.0,False
100,Gaussian-m1,gaussian,1,0.002,0.03,0.2,0.13766567658748846,0.0,False
100,Gaussian-m1,gaussian,1,0.002,0.1,0.2,0.13439371202219957,0.0,False
100,Gaussian-m1,gaussian,1,0.002,0.3,0.2,0.13392987469470033,0.0,False
100,Gaussian-m1,gaussian,1,0.004,0.03,0.4,0.12766603465654605,0.0,False
100,Gaussian-m1,gaussian,1,0.004,0.1,0.4,0.11937603484130568,0.0,False
100,Gaussian-m1,gaussian,1,0.004,0.3,0.4,0.11873334256902077,0.0,True
100,Gaussian-m5,gaussian,5,0.0025000000000000005,0.03,0.05,0.36438663982563757,0.0,False
100,Gaussian-m5,gaussian,5,0.0025000000000000005,0.1,0.05,0.36397177219255944,0.0,False
100,Gaussian-m5,gaussian,5,0.0025000000000000005,0.3,0.05,0.36391582271929224,0.0,False
100,Gaussian-m5,gaussian,5,0.005000000000000001,0.03,0.1,0.22399459868428884,0.0,False
100,Gaussian-m5,gaussian,5,0.005000000000000001,0.1,0.1,0.22293832445921816,0.0,False
100,Gaussian-m5,gaussian,5,0.005000000000000001,0.3,0.1,0.22281359410954588,0.0,False
100,Gaussian-m5,gaussian,5,0.010000000000000002,0.03,0.2,0.14395961932850349,0.0,False
100,Gaussian-m5,gaussian,5,0.010000000000000002,0.1,0.2,0.1411000622545026,0.0,False
100,Gaussian-m5,gaussian,5,0.010000000000000002,0.3,0.2,0.14078968547901188,0.0,False
100,Gaussian-m5,gaussian,5,0.020000000000000004,0.03,0.4,0.13993527496907737,0.0,False
100,Gaussian-m5,gaussian,5,0.020000000000000004,0.1,0.4,0.1298000749172698,0.0,False
100,Gaussian-m5,gaussian,5,0.020000000000000004,0.3,0.4,0.1288632637924984,0.0,True
100,Gaussian-m20,gaussian,20,0.010000000000000002,0.03,0.05,0.37247633390928314,0.0,False
100,Gaussian-m20,gaussian,20,0.010000000000000002,0.1,0.05,0.37077850044343497,0.0,False
100,Gaussian-m20,gaussian,20,0.010000000000000002,0.3,0.05,0.3703566570839524,0.0,False
100,Gaussian-m20,gaussian,20,0.020000000000000004,0.03,0.1,0.22953001018388122,0.0,False
100,Gaussian-m20,gaussian,20,0.020000000000000004,0.1,0.1,0.22735409422919273,0.0,False
100,Gaussian-m20,gaussian,20,0.020000000000000004,0.3,0.1,0.22690957607697984,0.0,False
100,Gaussian-m20,gaussian,20,0.04000000000000001,0.03,0.2,0.1551895343301338,0.0,False
100,Gaussian-m20,gaussian,20,0.04000000000000001,0.1,0.2,0.15141515111847675,0.0,False
100,Gaussian-m20,gaussian,20,0.04000000000000001,0.3,0.2,0.15085808415595423,0.0,True
100,Gaussian-m20,gaussian,20,0.08000000000000002,0.03,0.4,0.2012615991079228,0.0,False
100,Gaussian-m20,gaussian,20,0.08000000000000002,0.1,0.4,0.18610284059554144,0.0,False
100,Gaussian-m20,gaussian,20,0.08000000000000002,0.3,0.4,0.1843066581695427,0.0,False
100,CoordinateCentral,coordinate,1,0.04,0.1,,0.4191137843056497,0.0,True
200,FirstOrderReference,first_order,1,0.04,0.0,,0.01252417413420514,0.0,True
200,SPSA-m1,spsa,1,0.00025,0.03,0.05,0.5748468131785791,0.0,False
200,SPSA-m1,spsa,1,0.00025,0.1,0.05,0.5747977202451122,0.0,False
200,SPSA-m1,spsa,1,0.00025,0.3,0.05,0.5747841213568349,0.0,False
200,SPSA-m1,spsa,1,0.0005,0.03,0.1,0.41106951910186806,0.0,False
200,SPSA-m1,spsa,1,0.0005,0.1,0.1,0.4109978867559533,0.0,False
200,SPSA-m1,spsa,1,0.0005,0.3,0.1,0.41097877666891663,0.0,False
200,SPSA-m1,spsa,1,0.001,0.03,0.2,0.2859754615482094,0.0,False
200,SPSA-m1,spsa,1,0.001,0.1,0.2,0.2858850516322499,0.0,False
200,SPSA-m1,spsa,1,0.001,0.3,0.2,0.2858633913340608,0.0,False
200,SPSA-m1,spsa,1,0.002,0.03,0.4,0.25280435083314584,0.0,False
200,SPSA-m1,spsa,1,0.002,0.1,0.4,0.2527077212102905,0.0,False
200,SPSA-m1,spsa,1,0.002,0.3,0.4,0.2526955874937853,0.0,True
200,Gaussian-m1,gaussian,1,0.00025,0.03,0.05,0.5664080296005698,0.0,False
200,Gaussian-m1,gaussian,1,0.00025,0.1,0.05,0.5659363035616144,0.0,False
200,Gaussian-m1,gaussian,1,0.00025,0.3,0.05,0.5658826161911152,0.0,False
200,Gaussian-m1,gaussian,1,0.0005,0.03,0.1,0.4041851349981355,0.0,False
200,Gaussian-m1,gaussian,1,0.0005,0.1,0.1,0.40294319089287545,0.0,False
200,Gaussian-m1,gaussian,1,0.0005,0.3,0.1,0.40284113440629554,0.0,False
200,Gaussian-m1,gaussian,1,0.001,0.03,0.2,0.28569638591309043,0.0,False
200,Gaussian-m1,gaussian,1,0.001,0.1,0.2,0.28199173400718214,0.0,False
200,Gaussian-m1,gaussian,1,0.001,0.3,0.2,0.2817043587638494,0.0,False
200,Gaussian-m1,gaussian,1,0.002,0.03,0.4,0.2704608475887236,0.0,False
200,Gaussian-m1,gaussian,1,0.002,0.1,0.4,0.25514745289855567,0.0,False
200,Gaussian-m1,gaussian,1,0.002,0.3,0.4,0.2537247284079558,0.0,True
200,Gaussian-m5,gaussian,5,0.0012500000000000002,0.03,0.05,0.5739883904548773,0.0,False
200,Gaussian-m5,gaussian,5,0.0012500000000000002,0.1,0.05,0.5730296284109506,0.0,False
200,Gaussian-m5,gaussian,5,0.0012500000000000002,0.3,0.05,0.5728392004267977,0.0,False
200,Gaussian-m5,gaussian,5,0.0025000000000000005,0.03,0.1,0.40738697327077045,0.0,False
200,Gaussian-m5,gaussian,5,0.0025000000000000005,0.1,0.1,0.4054543721519842,0.0,False
200,Gaussian-m5,gaussian,5,0.0025000000000000005,0.3,0.1,0.40516127074462,0.0,False
200,Gaussian-m5,gaussian,5,0.005000000000000001,0.03,0.2,0.28451696579067104,0.0,False
200,Gaussian-m5,gaussian,5,0.005000000000000001,0.1,0.2,0.2800406808364678,0.0,False
200,Gaussian-m5,gaussian,5,0.005000000000000001,0.3,0.2,0.2795531989390015,0.0,False
200,Gaussian-m5,gaussian,5,0.010000000000000002,0.03,0.4,0.2786891605613325,0.0,False
200,Gaussian-m5,gaussian,5,0.010000000000000002,0.1,0.4,0.26299702859678625,0.0,False
200,Gaussian-m5,gaussian,5,0.010000000000000002,0.3,0.4,0.26159735357481273,0.0,True
200,Gaussian-m20,gaussian,20,0.005000000000000001,0.03,0.05,0.5622756225032759,0.0,False
200,Gaussian-m20,gaussian,20,0.005000000000000001,0.1,0.05,0.5622358450513435,0.0,False
200,Gaussian-m20,gaussian,20,0.005000000000000001,0.3,0.05,0.5623082960340946,0.0,False
200,Gaussian-m20,gaussian,20,0.010000000000000002,0.03,0.1,0.3965537181932485,0.0,False
200,Gaussian-m20,gaussian,20,0.010000000000000002,0.1,0.1,0.3959041667324368,0.0,False
200,Gaussian-m20,gaussian,20,0.010000000000000002,0.3,0.1,0.3959829259111018,0.0,False
200,Gaussian-m20,gaussian,20,0.020000000000000004,0.03,0.2,0.2831951196460457,0.0,False
200,Gaussian-m20,gaussian,20,0.020000000000000004,0.1,0.2,0.27979362541776626,0.0,False
200,Gaussian-m20,gaussian,20,0.020000000000000004,0.3,0.2,0.2796423923332615,0.0,True
200,Gaussian-m20,gaussian,20,0.04000000000000001,0.03,0.4,0.30515853333043347,0.0,False
200,Gaussian-m20,gaussian,20,0.04000000000000001,0.1,0.4,0.2910369394087436,0.0,False
200,Gaussian-m20,gaussian,20,0.04000000000000001,0.3,0.4,0.29029259596214996,0.0,False
200,CoordinateCentral,coordinate,1,0.04,0.1,,0.6477166456964458,0.0,True
