task,method,seed,tail_loss,tail_tracking_error,tail_feasibility_residual,tail_frame_error,tail_subspace_error
simplex_tracking,ProjectedSGD,1001,0.00020073655222230466,0.013268411432765638,7.993605777301127e-17,,
simplex_tracking,ExponentiatedGradient,1001,0.004154512300112395,0.060325879002641615,9.214851104388799e-17,,
simplex_tracking,EuclideanSGD,1001,0.00020471737596114076,0.013450008627862388,0.005174905134826138,,
stiefel_frame_tracking,RiemannianSGD,1001,0.004531494260332288,0.06134246661277487,5.995877188651704e-16,0.06134246661277487,0.05799421557347717
stiefel_frame_tracking,ProjectedEuclideanSGD,1001,0.004525402180691221,0.06130488876118181,5.339550652045432e-16,0.06130488876118181,0.05795746896218903
stiefel_frame_tracking,EuclideanSGD,1001,0.004517137837035366,0.0612119507864851,0.00731944943304635,0.0612119507864851,0.05786637798522209
grassmann_subspace_tracking,RiemannianSGD,1001,0.005967938394913845,0.07051063819307724,5.781292600317724e-16,0.09147973994526151,0.07051063819307724
grassmann_subspace_tracking,ProjectedEuclideanSGD,1001,0.005942839683539894,0.07037638614923777,5.991163330631241e-16,0.09134718607565093,0.07037638614923777
grassmann_subspace_tracking,EuclideanSGD,1001,0.005951324964369477,0.0704953027213339,0.007169311925299513,0.09145699106242589,0.0704953027213339
grassmann_basis_rotation,RiemannianSGD,1001,1.7859220596675753e-31,1.8400089089137987e-08,2.666619767305603e-16,0.7046840696120689,1.8400089089137987e-08
grassmann_basis_rotation,ProjectedEuclideanSGD,1001,1.6345343363890166e-31,2.2358680681973218e-08,2.9232919543049427e-16,0.7046840696120692,2.2358680681973218e-08
grassmann_basis_rotation,EuclideanSGD,1001,2.4590995753665373e-32,2.2586971712488493e-08,3.064843787232095e-16,0.7046840696120689,2.2586971712488493e-08
simplex_tracking,ProjectedSGD,1002,0.0004167443549472447,0.01855750089590013,6.605826996519681e-17,,
simplex_tracking,ExponentiatedGradient,1002,0.008397228798396838,0.08485181360852206,6.827871601444713e-17,,
simplex_tracking,EuclideanSGD,1002,0.00042052499026592674,0.01867905537464247,0.0049850620029212945,,
stiefel_frame_tracking,RiemannianSGD,1002,0.005699636765655118,0.06871902686350484,6.165629253833294e-16,0.06871902686350484,0.05881182479094917
stiefel_frame_tracking,ProjectedEuclideanSGD,1002,0.005693150878084792,0.06868361428252345,5.635095193072995e-16,0.06868361428252345,0.05877910612169648
stiefel_frame_tracking,EuclideanSGD,1002,0.005681344399223299,0.06859908749476878,0.0067080086239130286,0.06859908749476878,0.05870080767559083
grassmann_subspace_tracking,RiemannianSGD,1002,0.00645856088459913,0.07343147743505397,5.831230066114223e-16,0.08114232279146409,0.07343147743505397
grassmann_subspace_tracking,ProjectedEuclideanSGD,1002,0.006429489659081835,0.07327803288335558,5.409380492626388e-16,0.08098398222678264,0.07327803288335558
grassmann_subspace_tracking,EuclideanSGD,1002,0.006436732151573865,0.07340963517351298,0.007598787591055229,0.08111685103076964,0.07340963517351298
grassmann_basis_rotation,RiemannianSGD,1002,1.5865148843443666e-31,1.3930012288947703e-08,2.8936905094260933e-16,0.704684069612069,1.3930012288947703e-08
grassmann_basis_rotation,ProjectedEuclideanSGD,1002,1.8434032444171352e-31,1.637922142140909e-08,3.1323143089174824e-16,0.704684069612069,1.637922142140909e-08
grassmann_basis_rotation,EuclideanSGD,1002,2.3659327143068047e-32,1.3475235938409247e-08,2.2042788921101448e-16,0.704684069612069,1.3475235938409247e-08
simplex_tracking,ProjectedSGD,1003,0.0004744797473707856,0.019811046623303886,8.826273045769995e-17,,
simplex_tracking,ExponentiatedGradient,1003,0.010753828375950741,0.09516921832787517,6.161737786669619e-17,,
simplex_tracking,EuclideanSGD,1003,0.0004800970505965896,0.020006756890466777,0.00621431676492479,,
stiefel_frame_tracking,RiemannianSGD,1003,0.002998028114127884,0.050080132833521446,5.694988254393644e-16,0.050080132833521446,0.049692740254181904
stiefel_frame_tracking,ProjectedEuclideanSGD,1003,0.002996286059226169,0.050068071862176496,5.76452205895368e-16,0.050068071862176496,0.04968055140126321
stiefel_frame_tracking,EuclideanSGD,1003,0.0030008967064412456,0.05004860930118104,0.0056898978089589955,0.05004860930118104,0.04966086650035373
grassmann_subspace_tracking,RiemannianSGD,1003,0.005621884641014516,0.0685167267804368,6.336724176930027e-16,0.07714952938773852,0.0685167267804368
grassmann_subspace_tracking,ProjectedEuclideanSGD,1003,0.005601045239916519,0.0683991513752553,5.641924679007424e-16,0.07702094508798679,0.0683991513752553
grassmann_subspace_tracking,EuclideanSGD,1003,0.005608545566308195,0.06850037182359521,0.006656933544170202,0.0771202191584301,0.06850037182359521
grassmann_basis_rotation,RiemannianSGD,1003,9.626375641030721e-32,1.0536712127723508e-10,3.1405455129577327e-16,0.704684069612069,1.0536712127723508e-10
grassmann_basis_rotation,ProjectedEuclideanSGD,1003,2.6064452531743132e-31,9.049672163979689e-10,2.523271371602306e-16,0.7046840696120692,9.049672163979689e-10
grassmann_basis_rotation,EuclideanSGD,1003,2.357434548427196e-32,4.033903451541882e-10,4.996176800578893e-16,0.704684069612069,4.033903451541882e-10
simplex_tracking,ProjectedSGD,1004,0.00036032937445562243,0.017456602758940912,8.326672684688674e-17,,
simplex_tracking,ExponentiatedGradient,1004,0.008731615709625322,0.08538322727469935,8.326672684688674e-17,,
simplex_tracking,EuclideanSGD,1004,0.00036495129963213456,0.017609749026766333,0.005649339610609627,,
stiefel_frame_tracking,RiemannianSGD,1004,0.008256353730594794,0.08295982136765959,5.691665521062751e-16,0.08295982136765959,0.07028234443759705
stiefel_frame_tracking,ProjectedEuclideanSGD,1004,0.008241226174313849,0.0828920952407157,5.842102243968625e-16,0.0828920952407157,0.07021768655712922
stiefel_frame_tracking,EuclideanSGD,1004,0.00820339653315759,0.08274188086091142,0.007494021903688961,0.08274188086091142,0.07007275510782268
grassmann_subspace_tracking,RiemannianSGD,1004,0.0031156217665841124,0.05107321371308766,5.911732240007508e-16,0.15712834586060884,0.05107321371308766
grassmann_subspace_tracking,ProjectedEuclideanSGD,1004,0.0031112606579521175,0.05104013056532285,5.475329728435505e-16,0.157107746922346,0.05104013056532285
grassmann_subspace_tracking,EuclideanSGD,1004,0.0031216575720686736,0.05107028922121129,0.004937637394365781,0.15712598069938874,0.05107028922121129
grassmann_basis_rotation,RiemannianSGD,1004,1.2119925288277485e-31,2.4609641063179855e-08,3.3547010193070944e-16,0.704684069612069,2.4609641063179855e-08
grassmann_basis_rotation,ProjectedEuclideanSGD,1004,1.90979896454932e-31,1.8230188608196217e-08,2.4468787572920904e-16,0.7046840696120689,1.8230188608196217e-08
grassmann_basis_rotation,EuclideanSGD,1004,2.4576822112980898e-32,1.7959508742426286e-08,3.31444990386987e-16,0.704684069612069,1.7959508742426286e-08
simplex_tracking,ProjectedSGD,1005,0.00021858418269296624,0.013790177238700187,6.550315845288423e-17,,
simplex_tracking,ExponentiatedGradient,1005,0.004982800269205934,0.06501384092057515,7.216449660063518e-17,,
simplex_tracking,EuclideanSGD,1005,0.0002220987451300302,0.01395060012628484,0.004663289343416772,,
stiefel_frame_tracking,RiemannianSGD,1005,0.007284947843517493,0.07740962339830532,5.603830841099924e-16,0.07740962339830532,0.0771950712816961
stiefel_frame_tracking,ProjectedEuclideanSGD,1005,0.007263805754184136,0.07730918722741245,5.727811574350001e-16,0.07730918722741245,0.07709444651161611
stiefel_frame_tracking,EuclideanSGD,1005,0.0072043391069290955,0.07706253931570124,0.009033808960622777,0.07706253931570124,0.07684728972318981
grassmann_subspace_tracking,RiemannianSGD,1005,0.006446018961044204,0.07312805138675771,5.387686320996271e-16,0.2723928607829539,0.07312805138675771
grassmann_subspace_tracking,ProjectedEuclideanSGD,1005,0.006419356085356262,0.07298996410863749,5.301109033564458e-16,0.2723082192335302,0.07298996410863749
grassmann_subspace_tracking,EuclideanSGD,1005,0.006425766986970117,0.07310801754252269,0.007197623200694474,0.27236795145688136,0.07310801754252269
grassmann_basis_rotation,RiemannianSGD,1005,2.0829024131146866e-31,6.616404765439376e-09,2.7484949392130974e-16,0.7046840696120691,6.616404765439376e-09
grassmann_basis_rotation,ProjectedEuclideanSGD,1005,4.1160955211218e-31,7.3528863043855825e-09,2.920358471474206e-16,0.7046840696120691,7.3528863043855825e-09
grassmann_basis_rotation,EuclideanSGD,1005,2.3937955039241194e-32,1.27283130306472e-08,7.035586825437977e-16,0.7046840696120691,1.27283130306472e-08
simplex_tracking,ProjectedSGD,1006,0.0002168774873426961,0.01377321690674179,8.049116928532385e-17,,
simplex_tracking,ExponentiatedGradient,1006,0.004758445165886469,0.06385898028787987,7.105427357601002e-17,,
simplex_tracking,EuclideanSGD,1006,0.00022031225884865953,0.013929475887154557,0.004692480793630895,,
stiefel_frame_tracking,RiemannianSGD,1006,0.0059855977320648944,0.07049617866898485,6.17428758764498e-16,0.07049617866898485,0.06624188715127347
stiefel_frame_tracking,ProjectedEuclideanSGD,1006,0.005976875235727248,0.07044961278925094,5.840733285545882e-16,0.07044961278925094,0.06619577782341929
stiefel_frame_tracking,EuclideanSGD,1006,0.005957503715340813,0.07034350481020038,0.0066048813647905545,0.07034350481020038,0.06609015292763246
grassmann_subspace_tracking,RiemannianSGD,1006,0.004484504305312098,0.06120268769776138,5.447235720383843e-16,0.2228770473573379,0.06120268769776138
grassmann_subspace_tracking,ProjectedEuclideanSGD,1006,0.004474449850873455,0.061139801041074734,5.377573486504513e-16,0.22283518684481762,0.061139801041074734
grassmann_subspace_tracking,EuclideanSGD,1006,0.004484492366816894,0.06119302808053757,0.005725414052015301,0.22286011233180836,0.06119302808053757
grassmann_basis_rotation,RiemannianSGD,1006,2.6602214301933583e-31,4.991472761189264e-09,2.5326973385994647e-16,0.7046840696120691,4.991472761189264e-09
grassmann_basis_rotation,ProjectedEuclideanSGD,1006,2.529099605681168e-31,6.661154192256408e-09,3.1403012275509866e-16,0.7046840696120691,6.661154192256408e-09
grassmann_basis_rotation,EuclideanSGD,1006,2.604260526393649e-32,8.588387289498325e-09,6.071668852132284e-16,0.704684069612069,8.588387289498325e-09
simplex_tracking,ProjectedSGD,1007,0.00025059700475614684,0.014691542146432326,7.66053886991358e-17,,
simplex_tracking,ExponentiatedGradient,1007,0.005420535546581572,0.06783153017600613,6.161737786669619e-17,,
simplex_tracking,EuclideanSGD,1007,0.00025522032539889106,0.014880876810378729,0.005454560878136394,,
stiefel_frame_tracking,RiemannianSGD,1007,0.004272635273981271,0.05970647711648608,6.407025543477166e-16,0.05970647711648608,0.05681822023220333
stiefel_frame_tracking,ProjectedEuclideanSGD,1007,0.004267703502817471,0.05967433892837769,5.874085360319057e-16,0.05967433892837769,0.05678637620598261
stiefel_frame_tracking,EuclideanSGD,1007,0.004264686161648098,0.05960410041185425,0.007024569702265057,0.05960410041185425,0.056717309834955126
grassmann_subspace_tracking,RiemannianSGD,1007,0.006624295560772779,0.07426088722569184,5.74800569081378e-16,0.13470825116422971,0.07426088722569184
grassmann_subspace_tracking,ProjectedEuclideanSGD,1007,0.00659640235391275,0.07411540906432339,6.01466375762469e-16,0.13465161226282718,0.07411540906432339
grassmann_subspace_tracking,EuclideanSGD,1007,0.006602175640944279,0.07424118453460529,0.0073819506917049416,0.13478466230286393,0.07424118453460529
grassmann_basis_rotation,RiemannianSGD,1007,1.8527837269525163e-31,9.316616826177431e-09,3.335110625251875e-16,0.704684069612069,9.316616826177431e-09
grassmann_basis_rotation,ProjectedEuclideanSGD,1007,1.4637091651467298e-31,6.119903083902143e-09,2.658154527732562e-16,0.7046840696120696,6.119903083902143e-09
grassmann_basis_rotation,EuclideanSGD,1007,2.199634682140043e-32,2.077442823670311e-08,3.154677858142916e-16,0.7046840696120691,2.077442823670311e-08
simplex_tracking,ProjectedSGD,1008,0.00013895319926459122,0.011232963920258205,7.216449660063518e-17,,
simplex_tracking,ExponentiatedGradient,1008,0.002958771422839172,0.04988400153108299,5.773159728050814e-17,,
simplex_tracking,EuclideanSGD,1008,0.00014377424731881777,0.011445166810634613,0.005548756851701317,,
stiefel_frame_tracking,RiemannianSGD,1008,0.0033086230490534867,0.05264491382672595,5.59558493849225e-16,0.05264491382672595,0.04996201205342727
stiefel_frame_tracking,ProjectedEuclideanSGD,1008,0.003305467827131863,0.0526218246332613,5.342963769692661e-16,0.0526218246332613,0.04993868558377131
stiefel_frame_tracking,EuclideanSGD,1008,0.00330571594126238,0.05256735573497357,0.006616538223172359,0.05256735573497357,0.049883250377022084
grassmann_subspace_tracking,RiemannianSGD,1008,0.000988511109052647,0.028930419771766386,5.839620859682996e-16,0.05431129213350668,0.028930419771766386
grassmann_subspace_tracking,ProjectedEuclideanSGD,1008,0.0009881540923478676,0.02892484629076115,5.663090889281114e-16,0.054309028522225855,0.02892484629076115
grassmann_subspace_tracking,EuclideanSGD,1008,0.0009987944735893916,0.02893059863031314,0.004307954347537085,0.05430201709521025,0.02893059863031314
grassmann_basis_rotation,RiemannianSGD,1008,1.087644937200025e-31,9.892516695262824e-09,4.522326203290887e-16,0.704684069612069,9.892516695262824e-09
grassmann_basis_rotation,ProjectedEuclideanSGD,1008,1.3144187494849534e-31,1.5479981951945248e-08,3.0856112559019193e-16,0.704684069612069,1.5479981951945248e-08
grassmann_basis_rotation,EuclideanSGD,1008,2.387749513299874e-32,2.767250438472028e-09,2.573175519622096e-16,0.7046840696120691,2.767250438472028e-09
simplex_tracking,ProjectedSGD,1009,0.00015199729845439603,0.011480887215407196,9.048317650695025e-17,,
simplex_tracking,ExponentiatedGradient,1009,0.0033301451848409902,0.05313070136436941,6.605826996519681e-17,,
simplex_tracking,EuclideanSGD,1009,0.00015761435093425855,0.011757586739802888,0.006092536729059797,,
stiefel_frame_tracking,RiemannianSGD,1009,0.007091403167198275,0.07672249717070324,5.897272876304159e-16,0.07672249717070324,0.07043958146946863
stiefel_frame_tracking,ProjectedEuclideanSGD,1009,0.007076564472838443,0.07665079164015473,5.576473924888999e-16,0.07665079164015473,0.07036825706755041
stiefel_frame_tracking,EuclideanSGD,1009,0.00703653313312068,0.0764756980679061,0.007859595190956923,0.0764756980679061,0.0701946042605308
grassmann_subspace_tracking,RiemannianSGD,1009,0.007445971761287425,0.07864139081090302,5.745616065654344e-16,0.09058522270799223,0.07864139081090302
grassmann_subspace_tracking,ProjectedEuclideanSGD,1009,0.007407642147177032,0.07845212265476487,6.062272888207825e-16,0.09040072987410203,0.07845212265476487
grassmann_subspace_tracking,EuclideanSGD,1009,0.007412426621846656,0.07861816781351784,0.008303339150600837,0.09055815878422711,0.07861816781351784
grassmann_basis_rotation,RiemannianSGD,1009,2.045391090634184e-31,3.852398197680565e-09,4.64844245319489e-16,0.704684069612069,3.852398197680565e-09
grassmann_basis_rotation,ProjectedEuclideanSGD,1009,2.019637946622358e-31,1.0261312591278688e-08,2.4757843819528224e-16,0.7046840696120691,1.0261312591278688e-08
grassmann_basis_rotation,EuclideanSGD,1009,2.186271286201703e-32,7.46294753352737e-09,1.8836758726882185e-16,0.704684069612069,7.46294753352737e-09
simplex_tracking,ProjectedSGD,1010,0.00018673531024115226,0.01272943698004958,7.271960811294776e-17,,
simplex_tracking,ExponentiatedGradient,1010,0.0037332215354228464,0.05643233662988017,4.829470157119431e-17,,
simplex_tracking,EuclideanSGD,1010,0.00019102546791359532,0.012922266038612582,0.005241276979475823,,
stiefel_frame_tracking,RiemannianSGD,1010,0.006356501862212169,0.07257925172124713,5.866315657006914e-16,0.07257925172124713,0.07080575855889182
stiefel_frame_tracking,ProjectedEuclideanSGD,1010,0.00634495684331913,0.07252201844100281,5.535244425765757e-16,0.07252201844100281,0.07074855451453103
stiefel_frame_tracking,EuclideanSGD,1010,0.0063194310390155325,0.07239471442161319,0.0074482200785421695,0.07239471442161319,0.0706214450187793
grassmann_subspace_tracking,RiemannianSGD,1010,0.007058712737828729,0.0765587901847565,6.28187410407355e-16,0.1979999699581627,0.0765587901847565
grassmann_subspace_tracking,ProjectedEuclideanSGD,1010,0.0070278828734532586,0.07640528165126005,6.257562304794221e-16,0.197906827476554,0.07640528165126005
grassmann_subspace_tracking,EuclideanSGD,1010,0.007033663542034338,0.07653824931698022,0.007551456820533027,0.1979909096956462,0.07653824931698022
grassmann_basis_rotation,RiemannianSGD,1010,2.623636622956219e-31,1.4045313850060149e-08,4.772735510757886e-16,0.7046840696120692,1.4045313850060149e-08
grassmann_basis_rotation,ProjectedEuclideanSGD,1010,3.0394996383703525e-31,1.2594510361667018e-08,3.2641965811185146e-16,0.7046840696120691,1.2594510361667018e-08
grassmann_basis_rotation,EuclideanSGD,1010,2.511087552763292e-32,1.740357580481915e-08,2.297860580830077e-16,0.704684069612069,1.740357580481915e-08
simplex_tracking,ProjectedSGD,1011,0.00014426002028450818,0.011283026376234337,8.326672684688674e-17,,
simplex_tracking,ExponentiatedGradient,1011,0.002832505571592477,0.04905311289021331,6.88338275267597e-17,,
simplex_tracking,EuclideanSGD,1011,0.0001480800827089265,0.01146412639566571,0.004904966441399505,,
stiefel_frame_tracking,RiemannianSGD,1011,0.008170459015604196,0.08240666223672424,5.967146648690684e-16,0.08240666223672424,0.07365821236924955
stiefel_frame_tracking,ProjectedEuclideanSGD,1011,0.00815513999504182,0.08233814135224767,5.766937340536404e-16,0.08233814135224767,0.07359058055165313
stiefel_frame_tracking,EuclideanSGD,1011,0.008118571836338313,0.08219067469432353,0.007483156690345168,0.08219067469432353,0.07344534584449354
grassmann_subspace_tracking,RiemannianSGD,1011,0.007521687631710938,0.07910820255625363,5.237735074951446e-16,0.09151433260978839,0.07910820255625363
grassmann_subspace_tracking,ProjectedEuclideanSGD,1011,0.007483292245564979,0.07892132275418953,5.748258272547839e-16,0.09128400632688603,0.07892132275418953
grassmann_subspace_tracking,EuclideanSGD,1011,0.007488059421503713,0.07908807996165738,0.008238455976167267,0.09145964710437358,0.07908807996165738
grassmann_basis_rotation,RiemannianSGD,1011,2.9301289262269076e-31,6.449859030166551e-10,7.648179213181252e-16,0.7046840696120691,6.449859030166551e-10
grassmann_basis_rotation,ProjectedEuclideanSGD,1011,8.106288412649062e-32,1.2138879850420316e-09,3.691424620154119e-16,0.704684069612069,1.2138879850420316e-09
grassmann_basis_rotation,EuclideanSGD,1011,1.9702037636166065e-32,5.524019570926648e-10,3.1786294518795643e-16,0.7046840696120691,5.524019570926648e-10
simplex_tracking,ProjectedSGD,1012,0.00011584476493978655,0.010230984376750837,8.1601392309949e-17,,
simplex_tracking,ExponentiatedGradient,1012,0.00209643016185723,0.04258160516098655,5.88418203051333e-17,,
simplex_tracking,EuclideanSGD,1012,0.00012162527901809133,0.01054000267655613,0.005881395193803037,,
stiefel_frame_tracking,RiemannianSGD,1012,0.0060055997725415615,0.07062725170937478,5.802060336720945e-16,0.07062725170937478,0.06817576926663882
stiefel_frame_tracking,ProjectedEuclideanSGD,1012,0.005993260912935014,0.0705616981020072,5.435667987124457e-16,0.0705616981020072,0.06811035958513702
stiefel_frame_tracking,EuclideanSGD,1012,0.005964955199017034,0.0704071040899479,0.007884055256488897,0.0704071040899479,0.06795552957472042
grassmann_subspace_tracking,RiemannianSGD,1012,0.006984743152512129,0.07604367164495854,5.860038567159693e-16,0.10806716336031269,0.07604367164495854
grassmann_subspace_tracking,ProjectedEuclideanSGD,1012,0.006949160983580798,0.07586787207174017,5.735306626542026e-16,0.10790937177023573,0.07586787207174017
grassmann_subspace_tracking,EuclideanSGD,1012,0.0069565661433478735,0.07602297026614727,0.008119686832771408,0.10805007789583046,0.07602297026614727
grassmann_basis_rotation,RiemannianSGD,1012,1.8497538234951926e-30,4.778961511234264e-10,8.319796084412314e-16,0.7046840696120694,4.778961511234264e-10
grassmann_basis_rotation,ProjectedEuclideanSGD,1012,1.6761422247086884e-30,8.067806903083764e-10,7.820799664571502e-16,0.7046840696120691,8.067806903083764e-10
grassmann_basis_rotation,EuclideanSGD,1012,2.232107760601283e-32,5.832632724006616e-10,7.005961412815366e-16,0.7046840696120691,5.832632724006616e-10
simplex_tracking,ProjectedSGD,1013,0.0003343657852778192,0.016959464680866197,9.159339953157541e-17,,
simplex_tracking,ExponentiatedGradient,1013,0.00750042516110418,0.08054912383901129,5.662137425588298e-17,,
simplex_tracking,EuclideanSGD,1013,0.0003391655448491357,0.017120734521475556,0.005559097942057258,,
stiefel_frame_tracking,RiemannianSGD,1013,0.007931879163109945,0.08104987610531424,5.678386935512467e-16,0.08104987610531424,0.0624060187893914
stiefel_frame_tracking,ProjectedEuclideanSGD,1013,0.007920355406431063,0.08099613765912174,5.593813367463794e-16,0.08099613765912174,0.06236150966309566
stiefel_frame_tracking,EuclideanSGD,1013,0.007894117160026361,0.08086937890083395,0.007513414976593786,0.08086937890083395,0.06225745539730644
grassmann_subspace_tracking,RiemannianSGD,1013,0.0019455081261200561,0.04029482614496466,5.439459645587009e-16,0.045646085141952696,0.04029482614496466
grassmann_subspace_tracking,ProjectedEuclideanSGD,1013,0.0019431874231032587,0.04027188405825065,5.103910073588683e-16,0.04564007991830528,0.04027188405825065
grassmann_subspace_tracking,EuclideanSGD,1013,0.00195472315925942,0.04029150132629249,0.004815117127512789,0.04567790233167513,0.04029150132629249
grassmann_basis_rotation,RiemannianSGD,1013,1.155214158044613e-31,2.252927589878618e-08,2.5432241424298765e-16,0.704684069612069,2.252927589878618e-08
grassmann_basis_rotation,ProjectedEuclideanSGD,1013,3.0457534846076876e-31,1.7465474034194985e-08,3.447711278819573e-16,0.7046840696120698,1.7465474034194985e-08
grassmann_basis_rotation,EuclideanSGD,1013,2.3586487870718214e-32,1.5388905165867576e-08,3.21040430417533e-16,0.704684069612069,1.5388905165867576e-08
simplex_tracking,ProjectedSGD,1014,0.00029647072912339844,0.015860793887448953,7.605027718682323e-17,,
simplex_tracking,ExponentiatedGradient,1014,0.007313513456058081,0.07794229709127118,6.217248937900877e-17,,
simplex_tracking,EuclideanSGD,1014,0.0003011681227353849,0.016067284981802613,0.005236444804026324,,
stiefel_frame_tracking,RiemannianSGD,1014,0.006927628174796138,0.0755754795681457,5.491360855055189e-16,0.0755754795681457,0.07199730926453496
stiefel_frame_tracking,ProjectedEuclideanSGD,1014,0.006915310554341576,0.07551445063715487,5.907761901330801e-16,0.07551445063715487,0.07193588822264604
stiefel_frame_tracking,EuclideanSGD,1014,0.006888888777640404,0.07537906265539004,0.00769407728788003,0.07537906265539004,0.07179889883207212
grassmann_subspace_tracking,RiemannianSGD,1014,0.002003651471722908,0.04093997963621146,5.739269867901914e-16,0.06788666756078345,0.04093997963621146
grassmann_subspace_tracking,ProjectedEuclideanSGD,1014,0.00200152383175341,0.04091970793452162,5.479207263881728e-16,0.06787072731981755,0.04091970793452162
grassmann_subspace_tracking,EuclideanSGD,1014,0.002012817407156699,0.04093689810466595,0.004745039273215232,0.06788435416127576,0.04093689810466595
grassmann_basis_rotation,RiemannianSGD,1014,9.357780636161616e-32,1.8737225630590036e-08,4.674162776581109e-16,0.704684069612069,1.8737225630590036e-08
grassmann_basis_rotation,ProjectedEuclideanSGD,1014,7.110443076711532e-32,2.020224459853307e-08,3.093036461234596e-16,0.7046840696120691,2.020224459853307e-08
grassmann_basis_rotation,EuclideanSGD,1014,2.0163764294005215e-32,1.9402120992554775e-08,1.6101161497919476e-16,0.704684069612069,1.9402120992554775e-08
simplex_tracking,ProjectedSGD,1015,0.0001504408657637609,0.01169196362603314,7.16093850883226e-17,,
simplex_tracking,ExponentiatedGradient,1015,0.003208679563833789,0.05194132595041985,8.326672684688674e-17,,
simplex_tracking,EuclideanSGD,1015,0.00015501326193996203,0.011909434841887459,0.00556899477278465,,
stiefel_frame_tracking,RiemannianSGD,1015,0.009388130128261101,0.08826773405338727,5.816000781729228e-16,0.08826773405338727,0.07767375215774469
stiefel_frame_tracking,ProjectedEuclideanSGD,1015,0.009362592482268253,0.08815879193199272,5.718124813110324e-16,0.08815879193199272,0.07756695254459185
stiefel_frame_tracking,EuclideanSGD,1015,0.009290826976839417,0.0879049376667647,0.009298420885589529,0.0879049376667647,0.07731795186211288
grassmann_subspace_tracking,RiemannianSGD,1015,0.00619635832938134,0.07211725713870581,5.343539212127218e-16,0.09330209641669018,0.07211725713870581
grassmann_subspace_tracking,ProjectedEuclideanSGD,1015,0.0061681145406762726,0.07196588975050176,5.551608536584018e-16,0.0931651402580484,0.07196588975050176
grassmann_subspace_tracking,EuclideanSGD,1015,0.006179178290997864,0.07210128401324906,0.007910197341779408,0.09328514436579266,0.07210128401324906
grassmann_basis_rotation,RiemannianSGD,1015,1.9680530415365228e-31,6.211216630368188e-09,4.757977944305493e-16,0.7046840696120691,6.211216630368188e-09
grassmann_basis_rotation,ProjectedEuclideanSGD,1015,2.0088328025495996e-31,3.835898072747853e-09,4.283048174227821e-16,0.7046840696120694,3.835898072747853e-09
grassmann_basis_rotation,EuclideanSGD,1015,2.3030751757468662e-32,7.067085336326489e-10,1.2802093332057051e-16,0.7046840696120691,7.067085336326489e-10
simplex_tracking,ProjectedSGD,1016,0.0002035288407461506,0.013377097831382473,7.882583474838611e-17,,
simplex_tracking,ExponentiatedGradient,1016,0.004131044649966007,0.05933207273534511,6.605826996519681e-17,,
simplex_tracking,EuclideanSGD,1016,0.00020910917004427442,0.013624174585722229,0.006067822843466564,,
stiefel_frame_tracking,RiemannianSGD,1016,0.007004580580985238,0.07638619796713847,5.441400072392429e-16,0.07638619796713847,0.07070435205519994
stiefel_frame_tracking,ProjectedEuclideanSGD,1016,0.006989580188633621,0.07631109483240618,5.324368170843675e-16,0.07631109483240618,0.07063098829250086
stiefel_frame_tracking,EuclideanSGD,1016,0.006950343487226158,0.07613095416793363,0.008032487313337102,0.07613095416793363,0.07045563898768517
grassmann_subspace_tracking,RiemannianSGD,1016,0.003659618413758582,0.055042060876279796,5.816148430916957e-16,0.1716556204272301,0.055042060876279796
grassmann_subspace_tracking,ProjectedEuclideanSGD,1016,0.0036524031416795668,0.054992984540908375,5.331626347840198e-16,0.17162114433024667,0.054992984540908375
grassmann_subspace_tracking,EuclideanSGD,1016,0.0036634296514772564,0.05503677491382693,0.00559448561499715,0.17164628753421127,0.05503677491382693
grassmann_basis_rotation,RiemannianSGD,1016,1.3152338090559491e-31,2.0039911315497784e-08,1.9810771789079873e-16,0.704684069612069,2.0039911315497784e-08
grassmann_basis_rotation,ProjectedEuclideanSGD,1016,2.329897361341104e-31,1.9264548966987317e-08,3.656440570420925e-16,0.7046840696120689,1.9264548966987317e-08
grassmann_basis_rotation,EuclideanSGD,1016,2.1484410568058e-32,6.636148761085304e-09,4.13109750821213e-16,0.704684069612069,6.636148761085304e-09
simplex_tracking,ProjectedSGD,1017,0.00019610231689896378,0.01313747083152289,8.382183835919932e-17,,
simplex_tracking,ExponentiatedGradient,1017,0.004589329907029543,0.06210133447441751,7.827072323607353e-17,,
simplex_tracking,EuclideanSGD,1017,0.00020009383991307278,0.013302680004758885,0.005057620670076724,,
stiefel_frame_tracking,RiemannianSGD,1017,0.002651551428633619,0.047033346822208666,6.249345433591888e-16,0.047033346822208666,0.04633517440555474
stiefel_frame_tracking,ProjectedEuclideanSGD,1017,0.0026490080585338783,0.04701434119331882,5.765293542491774e-16,0.04701434119331882,0.04631615106567266
stiefel_frame_tracking,EuclideanSGD,1017,0.002651427404468002,0.04697070922069796,0.006342823320705975,0.04697070922069796,0.046272369504987435
grassmann_subspace_tracking,RiemannianSGD,1017,0.00514191392195466,0.0652505383860108,5.582004533834594e-16,0.45419433651876917,0.0652505383860108
grassmann_subspace_tracking,ProjectedEuclideanSGD,1017,0.005124029338789973,0.06514715829994897,5.598138730296122e-16,0.4541426593272782,0.06514715829994897
grassmann_subspace_tracking,EuclideanSGD,1017,0.005134133574695652,0.0652396061613204,0.006829727108348954,0.45418713680214295,0.0652396061613204
grassmann_basis_rotation,RiemannianSGD,1017,1.5936354836922692e-31,2.8405795156755865e-08,7.099848151865526e-16,0.7046840696120691,2.8405795156755865e-08
grassmann_basis_rotation,ProjectedEuclideanSGD,1017,3.6352310629348803e-31,2.6731699122510353e-08,2.614313856858294e-16,0.7046840696120686,2.6731699122510353e-08
grassmann_basis_rotation,EuclideanSGD,1017,2.2231739094954853e-32,3.227506088124338e-08,7.964007313038661e-16,0.704684069612069,3.227506088124338e-08
simplex_tracking,ProjectedSGD,1018,0.00018317677628571955,0.012577971106611609,8.382183835919932e-17,,
simplex_tracking,ExponentiatedGradient,1018,0.004225549128631486,0.05985612797419547,6.050715484207104e-17,,
simplex_tracking,EuclideanSGD,1018,0.00018854510911017047,0.012807758594040835,0.005977387867401025,,
stiefel_frame_tracking,RiemannianSGD,1018,0.0036610157334811145,0.05519455091994389,5.790583118566693e-16,0.05519455091994389,0.055117019120097394
stiefel_frame_tracking,ProjectedEuclideanSGD,1018,0.0036569617484333446,0.05516643967370176,5.652817830196387e-16,0.05516643967370176,0.05508888357715804
stiefel_frame_tracking,EuclideanSGD,1018,0.0036534606199869757,0.05510475410229983,0.006238854497081681,0.05510475410229983,0.055027080341393225
grassmann_subspace_tracking,RiemannianSGD,1018,0.00439755957556989,0.06027912815961829,5.678894116045387e-16,0.07977238450901249,0.06027912815961829
grassmann_subspace_tracking,ProjectedEuclideanSGD,1018,0.004384441256075169,0.06019431654989335,5.467867899654918e-16,0.07969729366500873,0.06019431654989335
grassmann_subspace_tracking,EuclideanSGD,1018,0.004395178905157073,0.06026928729359399,0.006335942284995023,0.07976629835019627,0.06026928729359399
grassmann_basis_rotation,RiemannianSGD,1018,2.590344112158467e-31,2.064012311613547e-08,3.836126892046739e-16,0.704684069612069,2.064012311613547e-08
grassmann_basis_rotation,ProjectedEuclideanSGD,1018,3.412798212579205e-31,2.4789417120757863e-08,6.075309375038045e-16,0.7046840696120691,2.4789417120757863e-08
grassmann_basis_rotation,EuclideanSGD,1018,1.9161484589987399e-32,2.1121045614847272e-08,4.527447837119778e-16,0.7046840696120689,2.1121045614847272e-08
simplex_tracking,ProjectedSGD,1019,0.00014472316328579954,0.01136018040151983,7.105427357601002e-17,,
simplex_tracking,ExponentiatedGradient,1019,0.003019318370459383,0.05043288011843689,7.771561172376095e-17,,
simplex_tracking,EuclideanSGD,1019,0.00014871404050494875,0.011566352189148477,0.005035671710422327,,
stiefel_frame_tracking,RiemannianSGD,1019,0.010224164132023402,0.09201007102928493,5.716082086458563e-16,0.09201007102928493,0.06873266168056508
stiefel_frame_tracking,ProjectedEuclideanSGD,1019,0.01020198245505522,0.0919184942709882,5.508879040560379e-16,0.0919184942709882,0.0686537296270129
stiefel_frame_tracking,EuclideanSGD,1019,0.010143477690923754,0.09171019978717325,0.008784057259613178,0.09171019978717325,0.06847497811487903
grassmann_subspace_tracking,RiemannianSGD,1019,0.0070161531662060895,0.07635345006792969,5.640900658388225e-16,0.12286395707010093,0.07635345006792969
grassmann_subspace_tracking,ProjectedEuclideanSGD,1019,0.006980297554305522,0.07617472947967271,5.72674785109215e-16,0.12270218683642221,0.07617472947967271
grassmann_subspace_tracking,EuclideanSGD,1019,0.006987531755270696,0.07633212683114944,0.0081183851404182,0.12282259314698721,0.07633212683114944
grassmann_basis_rotation,RiemannianSGD,1019,1.448419124563437e-31,7.78904049834888e-09,5.703194049778086e-16,0.7046840696120691,7.78904049834888e-09
grassmann_basis_rotation,ProjectedEuclideanSGD,1019,8.318903837464212e-32,1.3173749068924119e-08,2.9875993840935966e-16,0.704684069612069,1.3173749068924119e-08
grassmann_basis_rotation,EuclideanSGD,1019,2.092693190198279e-32,9.402277360486561e-09,4.2587629481685047e-16,0.7046840696120691,9.402277360486561e-09
simplex_tracking,ProjectedSGD,1020,9.448751476589093e-05,0.00930786845682767,7.605027718682323e-17,,
simplex_tracking,ExponentiatedGradient,1020,0.0012224978820193058,0.03217980264309162,7.216449660063518e-17,,
simplex_tracking,EuclideanSGD,1020,0.00010083686584863931,0.009665066080986833,0.006485783543387843,,
stiefel_frame_tracking,RiemannianSGD,1020,0.009711228100876093,0.08988657927766586,5.541756945739754e-16,0.08988657927766586,0.06189675070163527
stiefel_frame_tracking,ProjectedEuclideanSGD,1020,0.009695777786124593,0.08981993261330339,5.698593247551723e-16,0.08981993261330339,0.061848984545414785
stiefel_frame_tracking,EuclideanSGD,1020,0.009655203828052256,0.08967056194655475,0.007357049587073046,0.08967056194655475,0.06174240126058657
grassmann_subspace_tracking,RiemannianSGD,1020,0.004928820346901122,0.06396160863880208,5.275234690377081e-16,0.08944282101163087,0.06396160863880208
grassmann_subspace_tracking,ProjectedEuclideanSGD,1020,0.004912361370826323,0.06386330473848209,5.71161304761124e-16,0.08932731837336341,0.06386330473848209
grassmann_subspace_tracking,EuclideanSGD,1020,0.004920288717241305,0.06395000753084258,0.006165562982930143,0.08942548116451482,0.06395000753084258
grassmann_basis_rotation,RiemannianSGD,1020,2.692124243431172e-31,1.0539788283364454e-09,3.274717676677515e-16,0.704684069612069,1.0539788283364454e-09
grassmann_basis_rotation,ProjectedEuclideanSGD,1020,2.37687245718471e-31,2.4440227910454833e-09,2.3854014359420224e-16,0.704684069612069,2.4440227910454833e-09
grassmann_basis_rotation,EuclideanSGD,1020,2.3659719287983482e-32,1.3064719309660217e-09,1.2179789614982202e-16,0.704684069612069,1.3064719309660217e-09
simplex_tracking,ProjectedSGD,1021,0.00022366421801017403,0.013908996563296578,8.1601392309949e-17,,
simplex_tracking,ExponentiatedGradient,1021,0.004176060116827957,0.05943942893439628,7.105427357601002e-17,,
simplex_tracking,EuclideanSGD,1021,0.00022751177079077212,0.014097096271224956,0.0048651384439595815,,
stiefel_frame_tracking,RiemannianSGD,1021,0.010207361054865327,0.09193572935542015,6.16889125053982e-16,0.09193572935542015,0.07011234238786539
stiefel_frame_tracking,ProjectedEuclideanSGD,1021,0.010185394978384207,0.09184664072958285,5.89495096596208e-16,0.09184664072958285,0.07003477075051368
stiefel_frame_tracking,EuclideanSGD,1021,0.01012528478831823,0.09164161590282678,0.008566689708947417,0.09164161590282678,0.06985744164271747
grassmann_subspace_tracking,RiemannianSGD,1021,0.0077308875630785565,0.0800678912811856,6.327262423814809e-16,0.12284600275294645,0.0800678912811856
grassmann_subspace_tracking,ProjectedEuclideanSGD,1021,0.007688031916333746,0.07986443580789093,5.961831659029079e-16,0.12267520870297301,0.07986443580789093
grassmann_subspace_tracking,EuclideanSGD,1021,0.007694578616988712,0.08004175671386374,0.008820527850612556,0.1228269807331049,0.08004175671386374
grassmann_basis_rotation,RiemannianSGD,1021,1.367044766407425e-31,2.7695572587020747e-08,4.300797507770205e-16,0.7046840696120689,2.7695572587020747e-08
grassmann_basis_rotation,ProjectedEuclideanSGD,1021,2.6001661008945935e-31,2.0503475470366304e-08,2.6392966608574757e-16,0.7046840696120689,2.0503475470366304e-08
grassmann_basis_rotation,EuclideanSGD,1021,2.1895227976156256e-32,1.9921917714104756e-08,3.7560009760449593e-16,0.7046840696120689,1.9921917714104756e-08
simplex_tracking,ProjectedSGD,1022,0.00012760719251007276,0.010633426152432346,6.217248937900877e-17,,
simplex_tracking,ExponentiatedGradient,1022,0.002754528369065823,0.04810473428511167,4.9404924595819467e-17,,
simplex_tracking,EuclideanSGD,1022,0.000132189859715692,0.010868611414496417,0.005322606484158474,,
stiefel_frame_tracking,RiemannianSGD,1022,0.010391408925220369,0.09278082562340657,5.777006556828497e-16,0.09278082562340657,0.07570036136700355
stiefel_frame_tracking,ProjectedEuclideanSGD,1022,0.010365861007815376,0.09267614185122129,5.999386563037611e-16,0.09267614185122129,0.07560088270869257
stiefel_frame_tracking,EuclideanSGD,1022,0.010290554150396668,0.09242940788071793,0.008999313366314755,0.09242940788071793,0.07536633199055126
grassmann_subspace_tracking,RiemannianSGD,1022,0.0023571037341256888,0.0444631830336005,5.777538010722749e-16,0.08229567025348526,0.0444631830336005
grassmann_subspace_tracking,ProjectedEuclideanSGD,1022,0.002354378305905541,0.04443977948958142,5.562116156932657e-16,0.08227722762699655,0.04443977948958142
grassmann_subspace_tracking,EuclideanSGD,1022,0.0023670218219322896,0.044460811375851825,0.0051370950260871,0.08229638130064502,0.044460811375851825
grassmann_basis_rotation,RiemannianSGD,1022,7.036418153739685e-32,2.6309231341850045e-08,2.3320248873759064e-16,0.704684069612069,2.6309231341850045e-08
grassmann_basis_rotation,ProjectedEuclideanSGD,1022,1.6005372718197323e-31,2.4409064998031715e-08,3.178965895405801e-16,0.7046840696120691,2.4409064998031715e-08
grassmann_basis_rotation,EuclideanSGD,1022,2.284936827715938e-32,2.484296157104466e-08,3.1896617027186867e-16,0.704684069612069,2.484296157104466e-08
simplex_tracking,ProjectedSGD,1023,0.00031398169096837693,0.016302508228789037,8.770761894538737e-17,,
simplex_tracking,ExponentiatedGradient,1023,0.007602335261697127,0.07965779211380447,5.10702591327572e-17,,
simplex_tracking,EuclideanSGD,1023,0.00031754147251742126,0.016418879623706875,0.004652668110186889,,
stiefel_frame_tracking,RiemannianSGD,1023,0.0024619181005112573,0.04536363582972228,5.425678173168237e-16,0.04536363582972228,0.04284778556963602
stiefel_frame_tracking,ProjectedEuclideanSGD,1023,0.0024606365030328797,0.045353722687964275,5.728105027099817e-16,0.045353722687964275,0.04283823844787447
stiefel_frame_tracking,EuclideanSGD,1023,0.0024675810587647855,0.045333034663739474,0.0063071892337572995,0.045333034663739474,0.0428180140678384
grassmann_subspace_tracking,RiemannianSGD,1023,0.0038565585460634422,0.05655300433870862,5.420188871643605e-16,0.2308108324857848,0.05655300433870862
grassmann_subspace_tracking,ProjectedEuclideanSGD,1023,0.003851639642148143,0.0565200033351698,5.31171943181934e-16,0.23080403623986342,0.0565200033351698
grassmann_subspace_tracking,EuclideanSGD,1023,0.0038618440124714892,0.05655062151607557,0.005015544014227448,0.23082377236258977,0.05655062151607557
grassmann_basis_rotation,RiemannianSGD,1023,3.2979166959325235e-31,1.0763852246416319e-08,2.296976067322499e-16,0.7046840696120689,1.0763852246416319e-08
grassmann_basis_rotation,ProjectedEuclideanSGD,1023,3.247876221152482e-31,1.877249506074776e-08,1.7447617320024685e-16,0.7046840696120686,1.877249506074776e-08
grassmann_basis_rotation,EuclideanSGD,1023,2.4980033602431597e-32,2.0371818309225643e-08,6.470269712148304e-16,0.704684069612069,2.0371818309225643e-08
simplex_tracking,ProjectedSGD,1024,0.00018159622953028916,0.012557847996565554,7.438494264988549e-17,,
simplex_tracking,ExponentiatedGradient,1024,0.004035090986531108,0.05865373563539545,7.438494264988549e-17,,
simplex_tracking,EuclideanSGD,1024,0.00018640995098659393,0.012781342494239506,0.005424454738709188,,
stiefel_frame_tracking,RiemannianSGD,1024,0.006146983279561733,0.07171989393704731,5.59540593006853e-16,0.07171989393704731,0.07006500904495792
stiefel_frame_tracking,ProjectedEuclideanSGD,1024,0.006134972458810351,0.07165407820563635,5.374704961273532e-16,0.07165407820563635,0.06999932268401306
stiefel_frame_tracking,EuclideanSGD,1024,0.006104395095895792,0.07149777875644396,0.007325997699721836,0.07149777875644396,0.06984337378104928
grassmann_subspace_tracking,RiemannianSGD,1024,0.005876665326727084,0.06975868099720177,5.866009699734917e-16,0.08755365503544671,0.06975868099720177
grassmann_subspace_tracking,ProjectedEuclideanSGD,1024,0.005849794733670724,0.06961011823951693,5.809410884181675e-16,0.08741927232728558,0.06961011823951693
grassmann_subspace_tracking,EuclideanSGD,1024,0.0058600749444110665,0.06974300883858435,0.007718714016342194,0.08753588890921676,0.06974300883858435
grassmann_basis_rotation,RiemannianSGD,1024,4.7641089941538395e-31,2.248439941276256e-08,4.579518898632185e-16,0.7046840696120691,2.248439941276256e-08
grassmann_basis_rotation,ProjectedEuclideanSGD,1024,3.4268656050312865e-31,3.1783981475583495e-08,3.425298828792061e-16,0.7046840696120691,3.1783981475583495e-08
grassmann_basis_rotation,EuclideanSGD,1024,2.1413390020567759e-32,3.7120328180081854e-08,6.03877311559465e-16,0.7046840696120689,3.7120328180081854e-08
simplex_tracking,ProjectedSGD,1025,8.796069726591565e-05,0.0090704246253829,8.271161533457416e-17,,
simplex_tracking,ExponentiatedGradient,1025,0.0012311043993387615,0.03240877204851936,6.661338147750939e-17,,
simplex_tracking,EuclideanSGD,1025,9.165644657086959e-05,0.009282043023151684,0.0050131004007414855,,
stiefel_frame_tracking,RiemannianSGD,1025,0.007470511254048498,0.07858974601805789,5.642354501247617e-16,0.07858974601805789,0.06796858711192023
stiefel_frame_tracking,ProjectedEuclideanSGD,1025,0.007459016155789264,0.0785338741365682,5.863052807109782e-16,0.0785338741365682,0.06791577476354614
stiefel_frame_tracking,EuclideanSGD,1025,0.007432863528312065,0.0784132124400001,0.006823839851988344,0.0784132124400001,0.06780296100705156
grassmann_subspace_tracking,RiemannianSGD,1025,0.0019411999665341017,0.04026756456501444,5.249717456665053e-16,0.04849704974668807,0.04026756456501444
grassmann_subspace_tracking,ProjectedEuclideanSGD,1025,0.0019387032985293167,0.040243538785401656,5.668149917421944e-16,0.04846693673258251,0.040243538785401656
grassmann_subspace_tracking,EuclideanSGD,1025,0.0019493101364709976,0.040266695833823044,0.004712364208734573,0.04848856789642651,0.040266695833823044
grassmann_basis_rotation,RiemannianSGD,1025,1.1104091282161284e-31,5.119959683051467e-09,3.039020708844432e-16,0.704684069612069,5.119959683051467e-09
grassmann_basis_rotation,ProjectedEuclideanSGD,1025,2.5245913497468944e-31,7.818053591748567e-09,2.4042207530259525e-16,0.7046840696120691,7.818053591748567e-09
grassmann_basis_rotation,EuclideanSGD,1025,1.8139604399290383e-32,7.375698489406455e-10,4.643967982835921e-16,0.704684069612069,7.375698489406455e-10
simplex_tracking,ProjectedSGD,1026,0.00030092011456256444,0.015963369530120997,8.382183835919932e-17,,
simplex_tracking,ExponentiatedGradient,1026,0.006971455699857498,0.07639045664574991,6.494804694057165e-17,,
simplex_tracking,EuclideanSGD,1026,0.0003059059262720929,0.016181802120409972,0.005687633398739396,,
stiefel_frame_tracking,RiemannianSGD,1026,0.002553508124101869,0.04625521279484634,5.56876648812182e-16,0.04625521279484634,0.045839413384072235
stiefel_frame_tracking,ProjectedEuclideanSGD,1026,0.0025524461435675046,0.04624697724027949,5.601803772669681e-16,0.04624697724027949,0.04583122725844433
stiefel_frame_tracking,EuclideanSGD,1026,0.002560756923523443,0.04623078253474018,0.0063402926178972585,0.04623078253474018,0.045815056420813356
grassmann_subspace_tracking,RiemannianSGD,1026,0.005576739223320051,0.06796039619073645,5.42963450544593e-16,0.17502509295988772,0.06796039619073645
grassmann_subspace_tracking,ProjectedEuclideanSGD,1026,0.005555426557220219,0.06784078221231744,5.917819509132602e-16,0.1749381565891483,0.06784078221231744
grassmann_subspace_tracking,EuclideanSGD,1026,0.00556539518370382,0.06794592009375928,0.00727617793323289,0.1750093782074474,0.06794592009375928
grassmann_basis_rotation,RiemannianSGD,1026,2.355187582806832e-31,7.450580596923828e-11,2.2436669104511935e-16,0.7046840696120691,7.450580596923828e-11
grassmann_basis_rotation,ProjectedEuclideanSGD,1026,2.2998137428851164e-31,9.467260764730752e-10,2.971105581522255e-16,0.7046840696120708,9.467260764730752e-10
grassmann_basis_rotation,EuclideanSGD,1026,1.9467682319902269e-32,6.153177420255328e-09,7.101296546683768e-16,0.7046840696120691,6.153177420255328e-09
simplex_tracking,ProjectedSGD,1027,0.00038232721956432735,0.018079032267727568,8.1601392309949e-17,,
simplex_tracking,ExponentiatedGradient,1027,0.007000936842704522,0.07763901589679216,6.106226635438361e-17,,
simplex_tracking,EuclideanSGD,1027,0.00038763274829787495,0.018269426806475322,0.005835549501531838,,
stiefel_frame_tracking,RiemannianSGD,1027,0.006421221174146479,0.07301335501207101,6.729560552999725e-16,0.07301335501207101,0.07300459609509566
stiefel_frame_tracking,ProjectedEuclideanSGD,1027,0.006408424042273963,0.07294596780486653,5.713889937282675e-16,0.07294596780486653,0.07293715184592653
stiefel_frame_tracking,EuclideanSGD,1027,0.0063809926718118625,0.07279436574132395,0.008224312991522311,0.07279436574132395,0.07278537234993689
grassmann_subspace_tracking,RiemannianSGD,1027,0.006785975345418504,0.07481533270438838,5.807849457854004e-16,0.2569044980039428,0.07481533270438838
grassmann_subspace_tracking,ProjectedEuclideanSGD,1027,0.006752951776015263,0.07464896317510461,6.282296038672481e-16,0.2568337137566651,0.07464896317510461
grassmann_subspace_tracking,EuclideanSGD,1027,0.006761757197730965,0.07479866205940393,0.008050687161999567,0.2569240526575445,0.07479866205940393
grassmann_basis_rotation,RiemannianSGD,1027,1.525025922135339e-31,8.233409009147833e-09,2.496743363407787e-16,0.704684069612069,8.233409009147833e-09
grassmann_basis_rotation,ProjectedEuclideanSGD,1027,1.7095423864121618e-31,9.151213712491849e-09,1.8812072904291466e-16,0.7046840696120689,9.151213712491849e-09
grassmann_basis_rotation,EuclideanSGD,1027,2.232840046562071e-32,5.749313996234891e-09,2.566434639645922e-16,0.704684069612069,5.749313996234891e-09
simplex_tracking,ProjectedSGD,1028,0.0004563435917322105,0.019559014273368834,7.327471962526034e-17,,
simplex_tracking,ExponentiatedGradient,1028,0.010256715365353117,0.09279778681255273,5.995204332975846e-17,,
simplex_tracking,EuclideanSGD,1028,0.0004604149142653941,0.019677285933866317,0.005145329152835605,,
stiefel_frame_tracking,RiemannianSGD,1028,0.008814395065978881,0.08548270240382237,5.661893082899115e-16,0.08548270240382237,0.07032596861493601
stiefel_frame_tracking,ProjectedEuclideanSGD,1028,0.008794242294885042,0.08539634835513517,5.667979067959191e-16,0.08539634835513517,0.0702473042048798
stiefel_frame_tracking,EuclideanSGD,1028,0.008738255406047678,0.08518891062992111,0.008528282388486814,0.08518891062992111,0.07005983445381117
grassmann_subspace_tracking,RiemannianSGD,1028,0.0047602335459016685,0.06296369548713404,5.737669794270204e-16,0.1679607558572161,0.06296369548713404
grassmann_subspace_tracking,ProjectedEuclideanSGD,1028,0.004747999825121986,0.06289006218984586,5.841633514726694e-16,0.16790993657324257,0.06289006218984586
grassmann_subspace_tracking,EuclideanSGD,1028,0.004755155642350658,0.06295377973500338,0.005525454008061366,0.16795533972033705,0.06295377973500338
grassmann_basis_rotation,RiemannianSGD,1028,9.55748753433242e-32,5.291689231216447e-09,1.4647634630693678e-16,0.704684069612069,5.291689231216447e-09
grassmann_basis_rotation,ProjectedEuclideanSGD,1028,2.8403831486941697e-31,2.0320376017232078e-08,3.503325234896839e-16,0.7046840696120685,2.0320376017232078e-08
grassmann_basis_rotation,EuclideanSGD,1028,2.206273121917103e-32,2.2385685496213912e-08,2.325640459098605e-16,0.7046840696120689,2.2385685496213912e-08
simplex_tracking,ProjectedSGD,1029,0.00018388015298882274,0.012735831220934437,8.992806499463769e-17,,
simplex_tracking,ExponentiatedGradient,1029,0.003293816240618508,0.052781058989730706,6.106226635438361e-17,,
simplex_tracking,EuclideanSGD,1029,0.00018937601390524167,0.012999119062575266,0.005862448915683055,,
stiefel_frame_tracking,RiemannianSGD,1029,0.0010186012843034845,0.029435960645669387,5.86334452611469e-16,0.029435960645669387,0.029267140111871672
stiefel_frame_tracking,ProjectedEuclideanSGD,1029,0.0010183712467712602,0.029432498776974573,5.539002147733551e-16,0.029432498776974573,0.029263615339965382
stiefel_frame_tracking,EuclideanSGD,1029,0.0010282070469334612,0.02942560924561475,0.005864201672428488,0.02942560924561475,0.02925664675933391
grassmann_subspace_tracking,RiemannianSGD,1029,0.006899477015882017,0.07576861972298399,5.487628992701234e-16,0.3008882713008175,0.07576861972298399
grassmann_subspace_tracking,ProjectedEuclideanSGD,1029,0.006865003721563761,0.0755939572057007,5.308932743033958e-16,0.3008092150340049,0.0755939572057007
grassmann_subspace_tracking,EuclideanSGD,1029,0.0068730236338685495,0.07574456775753789,0.008223816628896341,0.30090609862703255,0.07574456775753789
grassmann_basis_rotation,RiemannianSGD,1029,2.3222035721398312e-32,1.487367270456958e-08,2.228361819055741e-16,0.704684069612069,1.487367270456958e-08
grassmann_basis_rotation,ProjectedEuclideanSGD,1029,1.05150478656196e-31,9.758302385798549e-09,1.8855458220288372e-16,0.7046840696120691,9.758302385798549e-09
grassmann_basis_rotation,EuclideanSGD,1029,2.3960359021172386e-32,1.250742037272302e-08,1.703383026467747e-16,0.704684069612069,1.250742037272302e-08
simplex_tracking,ProjectedSGD,1030,0.0002120653377564488,0.013552372704376694,7.382983113757291e-17,,
simplex_tracking,ExponentiatedGradient,1030,0.00533403394167558,0.06684124352635408,4.9404924595819467e-17,,
simplex_tracking,EuclideanSGD,1030,0.00021583790485864174,0.013701316851380438,0.00473016601833699,,
stiefel_frame_tracking,RiemannianSGD,1030,0.007969199130157643,0.08140208372874762,5.618659003601832e-16,0.08140208372874762,0.07907414582545783
stiefel_frame_tracking,ProjectedEuclideanSGD,1030,0.007948702817051427,0.08130433688505753,6.121462139614368e-16,0.08130433688505753,0.07897632852875104
stiefel_frame_tracking,EuclideanSGD,1030,0.00789090633663454,0.0810713992428118,0.008276132356475204,0.0810713992428118,0.07874313403635362
grassmann_subspace_tracking,RiemannianSGD,1030,0.004675705574147888,0.06249387406298081,5.649905371099741e-16,0.3389169856727187,0.06249387406298081
grassmann_subspace_tracking,ProjectedEuclideanSGD,1030,0.004667417841717092,0.06244311852835784,5.38953156557166e-16,0.3388975202874244,0.06244311852835784
grassmann_subspace_tracking,EuclideanSGD,1030,0.004676625047564155,0.06248686954294265,0.0053235526456249785,0.33891954732393365,0.06248686954294265
grassmann_basis_rotation,RiemannianSGD,1030,9.763773815444099e-32,6.27645721818516e-09,1.8724135743932322e-16,0.7046840696120691,6.27645721818516e-09
grassmann_basis_rotation,ProjectedEuclideanSGD,1030,1.191456209936962e-31,1.3937609122885048e-09,2.23904586142084e-16,0.704684069612069,1.3937609122885048e-09
grassmann_basis_rotation,EuclideanSGD,1030,2.0392615176596182e-32,8.160045824765837e-09,8.93492959884251e-17,0.704684069612069,8.160045824765837e-09
